x1,x2,x3,x4,x5,x6,y
0.07172509170145819,0.5532246774093498,-1.0,-0.8314143896623082,1.0,0.6326944544911052,5.330460145524626
0.3887095480510623,-0.41301155501703024,-0.04540302319865269,-0.06298424455629115,-0.5397657989241929,-0.9152032840930868,3.891902152272614
-0.01890721792217301,0.2874207021296712,-1.0,1.0,0.6217975707283696,-0.7227738294494184,-0.7943897122057613
1.0,0.37608266851389427,0.00908479547640284,1.0,1.0,-0.7135118220287369,0.16113766783690942
0.01622976862360903,-1.0,-0.6899400099844397,-0.7493979470439267,1.0,0.2993363537396155,-2.800102595254065
1.0,0.037704078692092136,0.14391296400044928,1.0,-0.11556688989713831,-0.7033160617678382,2.3631674604069746
-0.4885232938094797,0.2417020106643144,0.14541970155634942,0.21990965202831886,0.5879042576070939,0.3340539812112955,0.7843244205345262
-0.37142901331861,0.023213439134827984,-0.061775585422903845,0.38538460611496583,-0.1737924820723432,-0.17532580204192744,0.21869240977250673
-1.0,-1.0,-0.49869791818555653,-1.0,-1.0,-0.6225079733220256,3.3475051031112053
-0.113319279945755,-0.5822373358747893,0.17274101531287578,-0.5013862601718799,-0.49361795875647557,0.263119828989645,1.334085101051872
-1.0,0.870906650752942,-0.08673268540612944,0.16320563995724935,0.6200588805669612,0.8699453020179658,4.319931911651325
-1.0,-0.7044706607723095,-1.0,-1.0,0.17110712617636015,0.8675474486100032,0.11032030307909046
1.0,1.0,0.9610205254027473,1.0,-0.6493655049709863,0.03165169919252386,1.9612252833244948
-1.0,-0.5456912623071843,-1.0,-1.0,-0.5803732651177815,-1.0,3.710755851978049
-1.0,-1.0,-0.8547448364553899,-1.0,-1.0,-1.0,5.030878942883866
-1.0,-1.0,-1.0,-1.0,0.08856736504023044,-1.0,2.5519670481585046
-0.5033993407457558,-1.0,1.0,-0.2704676614613715,-1.0,-0.7714686088376383,3.777741225250934
-0.030652748201826174,0.37624840748498944,0.7484520548138076,-0.5373071325634282,1.0,1.0,2.021027410474481
-1.0,-0.6753656819114982,-1.0,-0.7827329556821627,1.0,1.0,3.963239283049553
-0.38813421750842314,0.3548385530054783,1.0,0.08075999363466568,0.13309375518555622,1.0,-0.8790129004467383
1.0,-0.43533807184536844,-0.7717562097385845,0.3759154378427506,0.2401017014233874,-0.033095201072206315,-0.26541187168861957
-0.4946755653404096,-0.95506357193491,-1.0,-1.0,-1.0,-0.8346068267650519,3.598691313035016
-0.1798311468102961,0.8874051305540138,1.0,0.16854508609628682,0.10671808688326179,1.0,-1.0640199851884489
-0.05936296448033285,-1.0,-1.0,-0.7478439823516176,-1.0,-1.0,5.276708894281397
0.07310105362228958,0.10670215723676546,-0.7936107541988916,-0.5783526249770191,-0.8940281283872432,1.0,6.959620214190156
0.00018847646254638306,-0.29083040737927546,-0.4698973658387897,0.5869122491247913,0.9788997325955485,1.0,4.299574302085894
0.5399902489004027,0.482094642907586,0.006068102038349954,-0.2256962557648963,0.9418944671766557,-0.37415459135319185,-1.0158489118098843
0.7861061771928127,-0.9394537943014857,-0.8714153395560703,0.34991817800886,-0.9218981377926748,-0.0650297931481909,1.5070016552023793
0.4359357359238906,0.05407574527258163,-0.0676087293883586,-0.058889615186901056,1.0,0.15633197249446057,-0.9960267330508691
-0.0419746749418064,-0.28781837727911286,-1.0,-0.7522807609282465,0.4722085918004792,0.24405004380729733,-0.4590764993349787
-1.0,0.5874460211606922,1.0,1.0,0.7351184392546253,-0.15297642839221515,-3.565955421293799
1.0,0.19427278414487636,-0.7101544392717274,0.7411492575803447,-1.0,-0.05752887008581309,4.447697239903669
-0.2904273065268966,-1.0,-1.0,-1.0,-0.6569157490667386,-1.0,3.497704088676296
-0.7635735633207699,1.0,1.0,-0.09129483745697972,0.712204834236591,-0.10146367246633381,-2.3935356864705057
-0.23706848219367693,1.0,-0.16676892348609768,0.3347855390885035,-0.5547454240799008,-0.37448320705554994,-0.10061699355903386
0.06122706605376216,0.720867413815049,0.32718450420181,1.0,-0.3379711942261694,-1.0,3.6442380276125315
-0.3808083844142955,-0.08983633833509164,1.0,0.430635918456318,1.0,-0.11235786043667054,-0.13215936398927816
-0.7893257638516737,-1.0,0.1040147102332325,-0.1275732427491687,-1.0,-0.9910507082986961,2.299470030666606
-0.2714836128841277,-0.37589846639067453,0.5773347055637144,-1.0,-0.2813286524042367,1.0,-0.3385696053840461
-0.5895340167913934,-0.23169750335841943,-1.0,-0.17513760046607618,-1.0,-1.0,1.2154070050858015
0.4527575487348776,0.517803787236712,0.7649713065460546,-0.3001236799705864,0.6511770910013015,0.48888247727232903,-1.3218861883450053
1.0,0.2976085774480368,-0.05588553309700939,0.3562651290613943,0.809076014812666,1.0,0.6781071105254644
0.8258323522486573,1.0,0.9754821662415174,0.43284193711172736,0.1374715245748125,0.4907214652059467,-1.975404631490694
-0.2788367472376363,-0.21594009956406113,0.0772670170027554,-1.0,0.6691772312733966,-0.3248863840684246,2.9119603322801852
1.0,1.0,1.0,1.0,-0.09793496042700292,0.5018150027987793,-3.2251566598221966
-0.16672505706129626,0.6426031665056225,0.19016777355094627,-0.4527927450771869,-0.20432291915083756,-0.848332952827844,0.5475394208334017
-1.0,-0.28231974882405053,-1.0,-1.0,-1.0,-0.4536781569852224,-0.09460203800322464
-0.15623037116353566,-1.0,-0.8727452221620593,-0.5952006041251177,0.9739070884567222,0.5780459339266119,-2.1792119024455645
0.19871077076910626,1.0,0.9561813732054512,0.25661924873053055,-1.0,-1.0,-0.8971686215622443
-0.510508991048354,-1.0,-1.0,-1.0,0.7347298949438713,1.0,-0.5175150631578032
0.16956351752447618,-0.9476346674846723,0.1989622261178349,-1.0,-0.20490495907946493,-1.0,7.566951912641424
-0.4821381607498688,-0.29497484156863596,-0.6956907673427062,-0.37435728878342817,-1.0,-1.0,0.026367068822561013
-0.17578158191019067,-1.0,-0.020256150872881615,-0.38535513388979536,1.0,1.0,2.1391910169862762
0.24405237548025593,1.0,-0.4090399542821328,-1.0,1.0,0.9214871130104124,9.187234572069796
0.9081905380289355,0.8242348204563139,1.0,1.0,1.0,1.0,-8.62877967957628
-1.0,-1.0,-1.0,-0.707035280005696,0.9878032418998823,0.7087377808776961,-3.0225415475493054
1.0,0.16695781814414223,0.0019603359736291015,0.35170185555867717,1.0,1.0,0.4520248914377097
0.4314898980381524,1.0,-1.0,-0.2900304890217063,-0.9873357818431459,0.4711921318719848,5.28838677909012
-0.502554085705441,0.4785414712555399,0.9557559983973132,-0.4387714905329063,1.0,1.0,1.1267851061563963
-0.06808502505228509,-0.04864051275629652,-0.2970623433011469,1.0,1.0,0.5133455292953477,2.263777235256491
-0.08210305073389124,0.06949494081209212,0.21248308375113495,0.41695051990682663,0.36806379542138096,1.0,2.8531941592819576
1.0,1.0,1.0,0.1212155919051987,1.0,-1.0,-4.525512022369062
0.40656991748610816,0.7839749468420985,1.0,0.6551780028288658,-1.0,-0.27357536314790926,1.3844616359364985
-1.0,-0.690800317039421,-1.0,-0.955335891726002,-1.0,-1.0,3.6482082874341413
-1.0,-1.0,-0.886786889280573,-1.0,0.48624685082944774,-0.3577404719593288,-4.029087584276967
0.7043506803583262,0.4015688413980638,0.45692384168239647,-0.1390295434861756,-1.0,-1.0,5.5023254687882925
0.0516032384671474,-0.9744395543045341,-0.7686045154479366,0.3361135735612048,-0.3161928635750326,0.08309248548654058,-1.5843509385926493
1.0,0.8382690195185691,0.4620824648083952,0.6352381248897776,-0.3111093715415978,0.013972908698492048,0.7737357958289449
0.5148608197625022,0.191305677406448,-0.682449638436687,-1.0,1.0,-0.16160667994956196,-0.6240964701588957
0.2548933128871484,0.14478831936095515,-1.0,-1.0,-0.9923725785836822,-0.7494725699144879,1.1462030542127712
-0.5009693601580936,-0.31914047269530105,1.0,-0.015990629688927505,0.4300386271640573,0.638517562360274,-0.34081294143311813
-0.3153427274350328,-0.590328859294796,0.5574151517981412,-1.0,0.6172403074075263,1.0,-1.8791574374324302
-1.0,-1.0,-0.4869063768087535,-1.0,1.0,-0.08078031981642583,-0.8158500476895653
-0.3349133223597025,-0.6946665855213449,1.0,-0.6678859309902211,-0.03183210728696628,1.0,-3.2171925046236045
-1.0,-0.3998216280290243,1.0,-0.11711188265857775,-0.5133197391493534,0.8406713715847872,-3.2076392606561965
0.6489345441983722,0.0858295965932736,-1.0,-0.2446766399912118,1.0,0.3604949418120276,-1.9146491122728941
-0.23560261758820122,-0.24612954446827517,0.9101495138690743,1.0,-0.7468651235264475,-0.7030945431925436,0.033507122816028856
0.7678045729646059,-0.3722386414401182,-1.0,0.48963504183006684,-0.35363575386573703,0.2547026623000842,2.324702732195352
-0.31657333193363457,-0.8415381849963584,-0.7575039862376505,-0.5040846697240388,1.0,0.5882850082339763,0.23205644495590194
-1.0,-1.0,-1.0,-1.0,-0.09448226334430257,0.9799120580526255,-2.183808370859843
-0.11006080881828656,0.9027646499153941,-1.0,-0.8045796960588454,-1.0,-0.8815518236709434,1.9079396410464726
-0.6753354868138959,-0.9963329075971208,-0.653996601972948,-0.6090319863564398,0.4757163369762134,0.2625248844140806,-1.8298052278773826
1.0,0.4606959317989612,0.8523790187564174,0.46818446632751454,1.0,1.0,-3.396662846240729
1.0,0.2409967206301844,1.0,0.9972207557423787,0.15047424183533487,-1.0,2.37169813131456
-0.34848748805389695,-1.0,-0.7769662758070454,-0.4485041164284649,0.5713159242937131,0.6823504678757724,-0.731702921448979
0.46552309489442834,0.3804908862498573,-0.43306042122954835,0.39415541945904997,0.3623485046506283,1.0,3.742803658192391
1.0,1.0,0.1872817403072935,1.0,0.749619039573066,0.33890721485033026,-2.613042740072595
-0.2026585191462842,-0.7885290266459135,-0.07296088583282034,-0.09967986166464532,-0.840440424630725,0.23014190828749093,-0.016301620356276275
-1.0,-0.9247418278290016,-1.0,-0.08685140163658978,-1.0,-0.7592594370857256,-3.3058398570614163
1.0,0.22661956393506522,1.0,0.0502837720968885,1.0,1.0,-5.17294013552838
-1.0,-0.7515280509021203,-0.21625924632226745,0.38687850067454527,1.0,0.9455910381746068,5.448008552922841
-0.6313788386449593,-1.0,-0.7081470395234872,-1.0,1.0,1.0,1.0156887185697117
-0.3564176206023799,-0.2955568823874546,-0.8066025716412066,1.0,-1.0,-0.5064092736548342,-1.342410709446051
-0.8684490719411062,-0.14190953110829274,-0.9382940894858436,-0.47536272028724275,0.8485849937412948,0.259906554045817,0.5369522946765477
-0.04969332208156463,-0.7438061881862509,-0.41997691858505704,0.6229440674957545,1.0,0.5192019150430103,0.49496920582336246
-0.11935511701298873,-1.0,0.34673570458352787,-1.0,0.3114464384239177,-0.6817509920997546,4.105305129507731
-0.4341077520226828,0.24683886198561578,0.5827509637020198,-1.0,-1.0,0.19834735665443398,0.09762529182038618
-0.16383977889444507,-0.04984977787697081,1.0,0.5627943894200843,1.0,1.0,0.15944164982643377
-0.09458430206729962,-1.0,-0.1689031859592196,-1.0,0.18658892486679302,0.3260648937916709,0.09695033951279264
0.1397811913399325,0.8746038503679263,0.08284220523024041,0.25347780553902605,0.46137624207146044,0.3129032441336361,1.3966002045187387
0.7091051182724478,-0.1400678529759425,-1.0,0.5998230422987556,-0.02001698727609824,0.44165567354038077,1.1381191483502222
-1.0,-0.39496136386088065,0.29652628013004445,-0.7878136254497314,-1.0,-1.0,0.7279501942184555
-1.0,-0.15560185448563302,0.4751513270130755,-0.32302202306705013,-1.0,-0.347301483270475,-1.6235402989662866
0.03641802982614284,-0.20202415874556867,0.4610648337525291,0.02354962867380489,0.4508100345899271,0.19554165953569114,-0.9615784479747872
1.0,-0.6558350562553971,1.0,-1.0,0.4947890162111408,-0.7934051401414887,2.95102087311495
0.07419035466824786,1.0,1.0,0.4117778577808968,-0.13616014561768555,1.0,-3.329030788568131
0.5147912001965778,0.11290754341986964,-1.0,0.1236365372302935,-0.4752404295243422,-1.0,2.0175378807615036
0.21944943269040307,0.00282162520996887,-1.0,0.8036297844086975,0.2088737164271376,0.19134918166958292,0.615097607559654
0.8217568730106477,0.2250825375683454,1.0,0.7617989811719046,-0.1514518328469472,0.765324365569414,-1.9298036994146115
0.5810287202504677,1.0,0.8843369594687437,1.0,0.04062408994824898,-1.0,0.5806943324877863
-0.36849511567450344,0.5873272041609972,1.0,0.7744796138152511,-0.8873096831469062,-1.0,1.3764261481418592
0.7824050620551943,0.825571248620169,0.7796332514738117,1.0,0.07276981698189236,-1.0,3.9689015447780625
-0.053765670757426,-1.0,0.27298685835209296,-0.9398314392650895,-1.0,-1.0,9.890785673706144
-1.0,-0.8971539780862625,-0.46113266915545703,-0.4392595748078136,1.0,0.6865371736645013,1.4889681628261
-0.9806755079505999,-0.4703764766875599,-1.0,-1.0,-0.807436496270131,-0.25685153746948686,-2.3355023636994114
0.2443122150439353,0.9134331590956613,-0.2833117674752392,-0.48351992440621216,-1.0,-0.651058144155507,1.9393146410047155
0.4642203291472682,1.0,-0.026307129624990044,1.0,0.024346382142495848,0.1480189657928104,1.276489937797115
1.0,0.47687846806275136,1.0,0.2825436379744461,-0.7347585446756115,0.69875005230838,1.6340945656301544
0.5030555999418473,0.15309660228966115,-0.4997654731549657,1.0,-0.2775342788529508,-0.29169109304143526,0.7694398167345009
-0.12390776589270447,1.0,0.20972768203799141,1.0,-1.0,-0.32759021285852263,1.8395189479257386
0.6102324391369446,0.834548808687728,0.5203564247981453,0.05131442508149697,-0.5832126756847171,-1.0,3.1115596019666905
0.09985261996835232,0.6005416288727263,0.6608346359578472,-0.4677768735140604,-0.6494100295612393,-0.5005951743304206,0.233584124991453
-0.12531825381035544,-1.0,-0.938225897393898,-1.0,-1.0,0.07325293087100476,1.0413577749947764
0.5681816526927557,-1.0,-0.15839501695389135,0.12468735933858421,-0.9723197158148738,-1.0,6.258480204422175
0.19331749772519263,-0.5289387009389389,-1.0,1.0,-1.0,-0.4249887664381455,-1.352507310905594
0.3671768470854622,-0.38481273693588924,0.6809332910081378,-1.0,-1.0,0.7818939049991152,2.8993397049421143
-1.0,-0.5493025311485864,-1.0,-1.0,0.6386900194836374,1.0,3.949379584456512
-1.0,0.020980705843796077,-0.8707144784074528,-0.6308928306780368,-0.03317154032936542,0.4623261983292559,0.7659382831391488
1.0,1.0,-0.6790598731581704,0.9131574161879616,-0.4130855355938252,-0.3787646258868071,4.891946264150869
1.0,1.0,0.8007903694753438,1.0,-0.707282873398195,0.09164224398460707,2.7922246632257157
1.0,1.0,1.0,0.7801829709063659,-1.0,-0.7737249913804837,6.863789984607465
0.41422492382535164,-0.05272847533451441,0.5001794041489978,-1.0,0.29124851778552263,-0.7399434457581755,2.286663587436656
-1.0,-0.8705215119013667,-0.858596861341068,-0.3874472054427876,-0.32406950927874634,1.0,1.3072307981586608
0.635451400234751,-1.0,0.03500144020728735,0.0004336326747806374,-0.7394391451159605,-1.0,6.2538140084804
1.0,1.0,0.3660376271416056,-0.7000699886235096,1.0,-0.5091787470626559,-1.5880846322040862
-0.853715389977841,-0.04462684551795698,0.18804676792586467,-0.11221999738069482,-1.0,-0.8021977563421434,-1.377666810433132
-0.013479019288396288,-0.07677015209789606,-0.43702807863375936,-0.5842493265940648,0.05326148304853473,1.0,4.022462875245134
-0.3902919594981047,-0.1095716067856467,0.8218223252010497,-1.0,1.0,0.11380869518698056,2.102856403080131
0.9752401165038732,0.7750425553698235,-0.35127042133079517,0.822718038353342,0.07101033076755942,-0.9366195969094576,3.7400735100962694
0.4422940531793995,0.055139868487862176,1.0,-0.41255669649030874,0.5351264116346977,-0.6753221141304347,0.23216172104403104
-0.33049278431002477,-0.842243178490112,-0.7021132099601664,-1.0,0.9114003182496755,1.0,1.1899637482825858
-0.005042521763570201,-0.4476294312831963,0.7296202314567589,0.668070757473752,-1.0,-0.05827877918206381,0.5171441161974508
0.9764954000997982,1.0,1.0,0.4078079925486121,-1.0,-0.6023913893961992,3.479136179430718
-0.37237494602383747,-1.0,-0.6053972822070719,-1.0,-1.0,-0.46575519329124826,3.48135644598978
1.0,1.0,0.6102711994832839,-0.060182417827904844,-0.9314713152613466,-0.14044427933508902,0.778765499867137
-0.7946923814005176,-0.5409938154980225,-1.0,-0.08327536330258112,-1.0,-1.0,1.475236801175432
0.4729861765807992,1.0,0.22926953410892215,0.04195524909635795,0.0446824331480305,0.4616393213095331,-0.3326952635948815
-0.3603957701790296,-1.0,-1.0,0.21231261087669656,-1.0,-0.26095731959601054,-4.468984443830164
-1.0,-0.8267027939864411,0.2351909558207364,1.0,0.5372952307171042,0.35752794691186796,-0.3099994599928186
-1.0,0.2346873787223922,-0.7252401368655097,-0.7302525796410385,-0.4534854128955482,-1.0,1.136062808238038
0.17553175351086847,1.0,0.6889741925533646,1.0,0.0760343585217661,0.018969917040280393,-2.630814609540131
-0.5990934672542534,0.8636923873427835,1.0,1.0,0.043478521699541195,0.09685406952914027,-3.0223769461743717
0.928159462002149,1.0,1.0,1.0,-0.9375376157208467,-1.0,7.250625400352476
-0.5937399543423012,-0.41967456171216266,-1.0,-1.0,-0.029877919609367254,-0.543728590778592,-1.0031429354903783
-0.7536481297215455,-0.9844070430518891,-1.0,0.5493755253965754,1.0,0.29163793187027515,-3.905616324965656
0.46858795768145256,-0.1266027626050692,-0.19388451981318378,-0.7521463713221352,-0.6706631855372303,-0.1898826847370816,1.1877482600323837
-0.6370127912493617,-1.0,-0.827902520542964,-0.543197086425443,0.9411537184868858,0.10488620944572474,-3.007428497802603
1.0,0.8908997281742028,0.9449446665900909,0.1610648089464255,-0.9924713479210501,0.43501321791415226,2.3382121596200616
-0.7813542206981439,-0.29462634683359135,-0.3517039042172667,-0.2876042026541644,-1.0,-1.0,-0.8667888374117971
-0.49938066784456886,1.0,0.8960993707562783,-0.2560089108792256,1.0,1.0,1.3204068432914062
-1.0,-1.0,-1.0,-0.36186734575566704,1.0,0.2300266006567544,-5.64728135241865
1.0,0.1839065338944046,0.10875080174901974,0.55800059752215,-0.9437255896538118,0.1758083649238903,2.728573480703695
-0.0417344813648336,-1.0,-0.458553432385542,-0.042198395199292915,-1.0,0.2653437655807618,-0.6944958375193052
-0.2413576088026062,-1.0,-1.0,-0.9792114228282665,0.540680075702956,-0.6956770826674787,-1.5441081226975961
-0.40148520800386045,0.8106974389747471,0.7016230083843609,-0.2375697411564336,0.6697467505636416,0.55283635384376,0.6249773772619743
-0.49189337210401674,-0.5241665922566283,-1.0,-0.8209637442578643,0.8094419525161516,-1.0,5.907831395947145
0.30699138282275107,0.1851487419951403,-1.0,-1.0,1.0,1.0,6.450305097282587
0.8729350241602605,1.0,1.0,1.0,-0.6896627412111442,-0.7864354376772169,4.522872800640921
-1.0,-0.6780578689413936,-1.0,-1.0,0.5479057432211496,-0.19513827654638738,-4.170538021801212
-0.08062016048931009,0.5780488612854939,0.8067478042206467,1.0,1.0,0.20476067944814358,-2.412910693664343
-0.37663933154986284,-0.9214117021209174,-1.0,-0.8741862442624784,-0.3011832421356528,-0.4890469627604778,-1.9109204328750984
-0.26616077059371623,-1.0,-0.2688216080374626,-0.5607049413908194,0.9980357215575246,0.28667136053379816,0.44286117940741565
-0.08032840160880411,-0.10669545330526237,0.3592554248224351,0.005381274519150603,1.0,0.8030003430330698,1.6045129965387872
-0.9587361857062298,-1.0,-0.9164077441041065,-0.33280014786792966,-1.0,0.5526821353770592,-5.14065838400477
-1.0,-1.0,-1.0,-1.0,1.0,-0.20534128849490574,-6.4094862786595455
0.4422575780518158,-0.4977094287420456,-0.6381280299274139,-1.0,1.0,-0.2816490497653368,-1.1630869020497614
-0.5476097611936583,-0.09427581211511951,1.0,0.37537099678573216,-0.45004927708173015,-0.07728893847327156,-0.5667959047155939
-0.04831093973801329,1.0,0.22278318789713253,0.7139962881745996,0.5977664744230793,-0.25507853104788003,0.06976340364061773
-1.0,-0.950305763898869,-1.0,-0.9628339781615767,-0.3180773992299172,1.0,-1.5312389110519307
0.24931332000452588,1.0,0.5480273626425051,-0.0704970633715889,0.6750935428977538,-1.0,0.2761589485938327
1.0,0.73731754246398,0.6249237096034863,1.0,-0.05279851947364833,0.3747336891552402,-1.5298421702999185
-0.20588382930749982,0.5414371899037885,0.8661982613744448,1.0,-0.08220565892017473,1.0,-2.8371679417440325
-1.0,-0.9040802411178093,0.7338979948552713,-0.3534419198276826,-1.0,-0.4860281296078001,0.8783589330161367
0.5932231937707285,0.5122803399126511,-0.7819391290351659,-0.3856695806874454,-0.7959256754855438,0.24211520128920913,0.9929092598478502
0.020902171979608863,-0.011048510696171465,0.9232494162351903,1.0,-0.5061484256269639,-1.0,1.0075139399824151
0.11952605761919721,1.0,0.9355616557397043,0.6291743694382164,0.6034114532250993,0.874796239727223,-3.7766878524964445
1.0,-0.9534830542144186,-0.5084289472452846,-1.0,-0.620045332136258,-1.0,10.909949505159322
0.26511347239381006,-1.0,0.7820688779720311,-1.0,-0.06656321474192461,1.0,-1.217369650866519
1.0,1.0,-0.17285103765694798,1.0,-1.0,-0.16866757233516458,6.507265014376035
0.3169503177487816,1.0,1.0,0.005558455331729828,-0.6868643512282581,0.8085429928186256,-2.4004428557036737
1.0,1.0,1.0,-0.5095014984221528,-0.9611572581941971,0.3375126867597763,1.218901257700728
1.0,1.0,1.0,0.16683832070447258,0.32201692298968604,0.05277306197532017,-2.919985667144426
-1.0,0.7462879472595274,1.0,0.38260149694590584,-0.09744404684600444,-0.43640082454467244,-0.8711020151643987
1.0,-0.2815837916010765,-0.19633680350692695,1.0,-0.8285774696365432,-0.12051485391764594,2.693122246779644
1.0,1.0,-0.5049491484232111,0.37247683553359323,1.0,0.9405986053299353,2.12331816822414
0.30213053266114437,0.9897261472936483,0.3432326450629568,-1.0,-1.0,0.6340556235412211,8.210447491447034
0.5797987265601854,1.0,1.0,1.0,-0.5680982928919427,-0.86406937084032,2.1104715701065344
1.0,0.32884799040769774,0.6624391444234642,0.47746663737751893,-1.0,-0.3466163681685446,4.8652518317797995
-0.12833693768996357,0.9402333947137453,1.0,0.984632386123826,1.0,0.39531612307636066,-6.528765040613234
0.17169603377547882,-1.0,-1.0,-0.9298430126170545,-0.498680330003482,-1.0,4.008682310122538
1.0,0.3327943367629336,0.24657084632136095,1.0,0.08195696749893433,-0.4045816258047077,1.2166794870234983
0.04279405591536778,1.0,0.8136312182568194,1.0,-0.3516151183349498,0.4902833111154889,-2.798779862672002
1.0,1.0,0.5169141403666231,1.0,0.1796099540364449,-0.071146055854447,-1.2540882438866858
0.312176501870742,-0.24419272193411606,0.60568839597432,-0.6380648512459383,-1.0,0.5714358595391547,2.139177996875277
-1.0,-0.8049185354367814,-1.0,-0.7408392615132062,0.2899380124598744,-1.0,5.557261274660313
0.17392636020436136,-0.10273899795999905,0.8611436133238184,0.02561259852533121,-0.6375712367611066,-0.14858525521820187,0.034090827529454526
0.4007501720518186,-0.8895096630264674,-0.24875699544374613,-0.17384243304449326,1.0,-0.6573982325023404,-1.191145052649286
-1.0,-0.9543533209474699,-0.4834605590673682,-1.0,1.0,0.4982763126113734,-0.1784816010000786
0.14927301175043972,0.16382797834333018,0.8469757084738829,0.7683835779408972,1.0,1.0,0.7867683227513591
0.5249717727199438,-0.5401541034370627,0.356575714235723,0.3734367100159778,1.0,0.7659107971162691,-0.17829948829264353
-0.3218969779801123,-0.278010379205492,1.0,-0.055061962208726056,-0.565756648416519,-0.9444750619159887,1.152490592990087
-0.5625310744103211,-0.48211733494129494,-1.0,0.3939538496216982,0.8566607633988964,-0.8964274936630069,2.7216581081329516
1.0,0.6736865908220318,1.0,0.06352277584559474,1.0,0.051762743267084174,-4.160715013562433
1.0,0.9174560707544386,1.0,1.0,-0.16560177436894186,-0.7255991804120472,1.6625152927112166
-1.0,-0.3370578273034426,0.2805490913949269,-0.9795401498179264,-1.0,-1.0,1.0769753778947622
0.293869610023991,-0.44727097023178763,-0.7535480781823678,-1.0,-1.0,-0.6975537090700138,3.8397173674826743
0.268204461959238,0.5708204628489053,0.5316202336045148,0.006422329132728222,1.0,-1.0,0.41634757462632
-0.08662109304267307,0.05221262508218649,0.6175424898437499,-1.0,-0.301877574990318,-0.6831393281543185,1.105426834105282
0.4732938543582546,1.0,1.0,1.0,-1.0,-0.1807083246464882,1.6093573806491461
-0.6717879741555436,-1.0,-1.0,-0.2992895489908062,1.0,-0.5643623953231933,-3.564335720768729
1.0,0.00020618619871537458,-0.08880288619500437,0.6353674035091108,1.0,0.42789262852298804,-2.7630906093842715
0.4308193525923575,-0.6823160277719069,0.15544384647660792,1.0,-1.0,0.04182978925387204,3.199466936730153
0.0053809383864780735,1.0,-0.4691384923429602,1.0,-0.18129407048247592,-0.6946238802206184,2.47642839149666
-0.2062492623027138,-1.0,-0.21842784183897282,-0.9393064372035,-0.3583251033586372,-0.26279614648153093,1.1411739184438285
0.18394978875073287,0.3184858332119509,0.8029845120854273,1.0,-0.7606258427831897,0.5721369723665496,-0.8757261095742349
0.207901480281939,0.6712965904182386,1.0,0.9732712070021667,-0.220059538391163,0.02503043755320189,-2.7505940689289163
0.9643779216624386,1.0,-0.02877475017233111,1.0,1.0,0.8578466021323417,-1.1975008012978186
-0.3491345096180749,-0.16540139887329675,-1.0,-0.12624218433792161,1.0,0.46633871502046165,1.237795604359824
-1.0,-1.0,-1.0,-1.0,-0.1311193469806351,0.374110775560078,-7.085137616004779
-1.0,-0.011781308203551055,-1.0,-1.0,-0.8639474767160721,-0.16616306012337656,-1.7543525551165808
-0.4139659617604165,-0.30182175723210486,0.7836864259336755,-1.0,-1.0,-0.1629871178771931,0.3342644159100583
1.0,1.0,1.0,0.6021304586344209,-1.0,-1.0,6.098555127255433
-0.12048050051740411,0.3366030640772293,-0.7628266646914855,-0.24449348695088208,0.24838566371051374,0.04678697061070192,1.1391350716754833
-0.8950980820059798,-0.31054038063287925,0.8662653642881946,-1.0,1.0,0.04086004205449156,0.608568539467825
-0.8633534574597546,0.2507234477303676,-0.5171971091680589,-1.0,1.0,1.0,8.022518175217577
-1.0,-1.0,-0.13156401853713762,-0.1403522357294825,0.5269031347074804,0.0932935572968151,1.3611164544020127
-0.26917516030664634,-0.1766605363356557,-0.5439262657484139,-1.0,-0.7968141290718894,-0.17528973689274116,0.09871561139023594
-0.6577169405730419,-0.7500626804018939,-0.25518846350351126,-0.8999122714791197,-1.0,-1.0,4.071620131992495
-0.23184849847872058,1.0,0.34611189728505787,-0.23153778650744755,-1.0,-0.29954491314932374,-1.8119764986422118
-1.0,-1.0,-1.0,-1.0,-1.0,-0.3749696500906355,-0.3798481466285134
1.0,0.2032266945412291,0.6077371914366243,0.9886497571278214,1.0,-1.0,0.0559510879174544
-1.0,-0.25109085174271795,-0.4317727319842237,0.3609009298544398,-0.5665358305398787,-1.0,0.6841101173208499
-0.09511634256987372,1.0,-0.7262679397303744,-0.3402046703483792,-0.1915320993368197,-0.960613967123072,1.641115498336513
-1.0,-1.0,-1.0,-1.0,0.5023085874967851,-0.3436165348213411,-6.309231210765496
-1.0,-0.794472899321135,0.07424839043005049,1.0,0.27131407758097786,1.0,2.049114371045147
-0.24075537440296335,0.8737318294468157,1.0,0.4283106048203925,0.3626617935959434,0.6506717403263927,-2.959060973833129
1.0,0.36034240280998975,0.7812710552137065,1.0,-1.0,0.2539233678689625,4.058582044302012
-0.80799087880231,-1.0,0.35526552217317553,-0.8340052183689446,-0.8857659484011351,-1.0,6.1944631627123945
-1.0,-0.7671645697587044,-0.821568785789739,-0.6173404394229218,0.5812999981261904,1.0,3.220844533538327
-1.0,-1.0,-1.0,-0.09854168772530669,0.04391205522534279,-0.6003505132876497,-1.7293553306152551
0.19631208818245782,0.8464000831371783,0.07490824794095863,0.44988703449361733,-0.374756785262334,0.6305565765988909,0.7240594699101905
-1.0,-0.9567962005211864,0.1727061747466363,-1.0,-1.0,-0.5893660927606561,4.272836520810708
0.8271810605492114,1.0,0.5925472291945537,1.0,-1.0,-0.4957793967448789,5.18799163412163
1.0,0.6571521863034282,0.43425153786549786,-0.4829209467840967,0.8086705788301788,0.9398380064562256,0.3694101369420009
0.17993179416781402,1.0,0.8447186448138948,0.3848440802658222,-0.6861314987514382,0.5871811667925347,-2.169827982457308
-0.2560501770945224,0.1761335969970904,0.6836594588413434,0.606704618048017,0.07196352092121443,-0.8847879265909813,2.178698289520692
1.0,-0.914435528322741,0.3934610195938551,0.8448132640668904,0.042305902537751905,1.0,4.02895277913505
-0.3231015592812616,-0.61838218516133,-1.0,-1.0,-0.9231202992797632,-0.5444523216011203,0.8148427007022273
1.0,1.0,1.0,1.0,1.0,0.003407333789699374,-7.392958280478173
1.0,1.0,0.029569175865718722,0.08732416591542114,-1.0,-1.0,5.824864102100978
-0.41825382721112897,-1.0,-0.031479859034277316,0.3075018633540768,-0.5761701934894261,0.024585123870924874,0.33452052028145834
0.3868247855268637,0.704109325798998,-0.12520627766851633,-0.8177311309057955,-0.07960327912049481,-0.41033353450489385,-0.16257335552535987
1.0,1.0,0.228415644364801,0.1375360253563429,-0.22997138172146436,-0.1427563427672506,0.439862173102761
-1.0,-0.0905888900886167,-0.13291992368857053,-0.6465207917153108,1.0,1.0,5.666924637492103
0.6282332611225048,-1.0,-0.9659104362731686,-1.0,0.25887378769707137,0.3925735843918512,-4.794190136402647
-0.12256415514987862,-0.23784182573695145,-0.409754861047121,-0.4089736718137085,-0.12150572347933597,1.0,3.4198063657013003
-1.0,-1.0,-1.0,-0.49494819522613165,0.04195460944780277,0.03410743921455173,-5.126740377330243
0.7257848231263636,0.5730898743852827,0.507455141769909,-0.7209293594294068,-0.9342942381857278,-0.014250123695031758,2.6042174565116034
-0.06112948626711778,0.6976242766895728,-0.4504909201545253,-0.22751596140301453,0.9061521535388768,0.38131563165951443,2.5200386137210415
0.43494371250430885,-0.6982455935963778,-1.0,0.23949466121834512,0.7214372555596318,0.36416582015387206,-0.26793319103034074
-0.3538719512006347,-1.0,-0.29551705613508794,-1.0,-0.6568576640123972,0.049269332710713876,0.5715659039272604
-0.15770516510823906,0.479643480843315,-0.2054164022616479,0.43288744576415217,1.0,1.0,6.434042414308932
-0.2862168463343101,0.7177765457899625,0.14658046485878362,-0.9422481735866022,0.9163943626193054,0.709716946040943,4.264761095969922
-0.4696633278374218,0.289469474213111,-0.9458485425542641,0.2445325952622769,-1.0,0.58128795568078,-0.0400974270598754
-0.3069366361956238,1.0,-0.5824107136283792,0.38368390727957125,-1.0,-1.0,2.1123658079386938
0.08403103326617112,0.2179886161920121,0.17210937349129785,-0.05522826780571949,-0.5223965222044898,-1.0,3.3140095915743832
-0.8026930523298503,-0.5406467488131551,-1.0,-0.9988192835962723,-0.3366379395528405,1.0,3.970765629820343
-0.9768422116095818,-1.0,-1.0,-1.0,0.7604084560881779,0.2550487900543099,-7.985598333783895
-0.6130011831806861,1.0,-0.9346046671017514,-0.2122233101071045,0.15909841420379167,0.8831758282551314,11.135204833511333
-0.768221114620923,0.5635479606721813,0.47259130671557464,-1.0,-1.0,0.21148407493349386,0.601409087162182
0.9146022368286748,0.04723740504151247,-0.011214472664778263,1.0,-0.503530388818161,-0.6328142742746921,4.865864742268217
-0.1717925779661681,1.0,1.0,0.972070452503998,-0.11366042218445291,-0.13496450866193632,-3.9949350271193307
0.31651058190050185,0.7654810239509244,0.8722160637008112,0.3517293148304881,-0.19153369494180605,-0.13961795831689439,-1.497981111239013
0.12216154442344007,1.0,0.46128483775570084,1.0,-0.6711021840393544,0.15180282464629496,0.1502115426374458
-0.33094413613643936,-1.0,-0.6343031207192926,0.24302222747390462,-0.19397408498693336,1.0,2.228169395815727
-0.49270775745363427,0.40864404553001327,0.6415050274125974,-0.7659009364806773,0.029408309866349763,-0.28736917275157847,-0.6269864015011963
1.0,-0.36045534496649245,1.0,0.7684262176581076,-0.704523849381707,-1.0,6.7088818242937105
-0.3298992041289751,-0.3337942650110016,-0.8907448546576382,-0.39077536672847446,-0.26313426821907415,0.3450808746450663,0.9057651496949015
-0.5057848694940617,-1.0,-0.33818127927656655,-1.0,-1.0,-0.3500942408923635,3.9125651750068875
0.0086559090798628,0.28149745796780223,-0.4771275901722441,1.0,-1.0,-1.0,1.5405357543896498
0.9671366113428013,1.0,1.0,-0.3443862647843872,-0.9446639321598588,-0.2645475330332633,1.247528257703417
0.2743797045565819,-0.6074458717719777,-0.30723531907033136,-0.08193015139307835,-1.0,-0.08432758806714247,0.896483257866169
0.47963325239574517,1.0,0.36952913790952036,1.0,1.0,0.8964603621564069,-1.2579749654979349
-1.0,-0.1976075348637023,-0.3148235131725116,-1.0,1.0,1.0,6.830075558397988
0.5693027910731352,-0.4479779615262497,1.0,-0.15757358938167304,1.0,0.5651939474891843,-5.455752532986466
-0.5550093108224321,-1.0,-1.0,-0.547261274339836,0.19410465696677193,0.08621060764432054,-4.395980238565905
0.9593118875702453,1.0,1.0,0.6235748142283001,0.8931902897819725,-1.0,-4.377924187907054
-0.16322855204374692,0.023138107123323662,1.0,0.29200702186290733,0.5306065655842827,-1.0,2.0056656068740897
1.0,0.2733530830189277,1.0,1.0,-0.7017804928055669,-0.41212134245034676,4.3103410271686755
1.0,1.0,-0.6542435209622964,-0.48899278640249066,-0.08409461596058354,-0.8698658856410806,2.3273933650665133
-0.3833524142019659,-0.44485469531719685,-0.5647000192527665,0.006510812854709724,-1.0,-1.0,0.3021721643211403
0.1636028455481675,0.7243099498702984,-0.4607721520991115,1.0,-1.0,-1.0,4.704019562568389
-0.4223113015785529,-1.0,-0.9999032405311679,-1.0,0.36191258433500967,0.44532085488290096,-5.24007110408254
0.4941269633072596,0.028386119926399278,0.7807118690196779,1.0,-1.0,-1.0,4.9753702691885024
0.6931487146309595,0.4814897242209449,0.4573296277687555,-0.41258137278687657,-0.4402791949247449,1.0,4.162322005628663
1.0,0.9127469430305148,0.3156400710290054,-0.8263592472756363,-0.08523470281762341,-1.0,3.568257986541643
1.0,0.1664503090928512,-0.7550146810935776,-0.7713409210977539,1.0,-0.9540110054604988,-3.516151718077171
0.8210358189925053,0.3677356867158905,-0.11431317665787355,1.0,-0.8318415029342543,0.5767207795996954,3.052006960995945
0.65759996940048,0.4659516650724089,-0.5828590025159935,-0.165120284379715,0.2888948684137569,0.3879817505939853,0.1625749728595842
-0.5216879462110824,0.40483651903459417,0.08321748831734288,-0.3442280951284334,0.09264486903170932,0.8032230764741823,2.218139493505048
-0.12263148735249974,0.6179934219424557,-1.0,-0.7030142372225812,-1.0,-0.5266144772371399,-1.1523186280531956
-1.0,-1.0,-1.0,0.7441204829534063,-0.6693530557743529,-1.0,-1.5410881037603723
0.6532583932368043,0.06833578333798146,-0.24878972652545844,-1.0,0.055364532743601313,-1.0,2.819442519962887
1.0,0.9782854196835691,1.0,1.0,1.0,0.9085153983297469,-10.474040583031142
1.0,-0.14990658763974551,0.3553231048790966,1.0,-0.8355861634572936,-0.21780480626048948,4.339604166690589
0.5715713083307099,0.742832492648978,0.2441568081890806,1.0,-0.0031385715407874493,0.3330834959640401,-0.13342102635184488
-0.9744275071421649,0.01762691643015757,0.9504990740043342,-0.09322972671822863,0.7569702486549326,-0.8717126341863156,3.0324988029213866
0.016346768053377203,-0.059719506211138224,0.038603437923276834,-0.39851010705932116,0.3894380356130467,0.8117692650778028,2.337770519870297
-1.0,-0.7012200884193107,-0.86763862351128,-1.0,-1.0,-1.0,4.236278948328072
1.0,1.0,1.0,0.8574482138988062,1.0,-0.562079486770772,-4.692222248586142
-1.0,-0.3989168060315942,-0.24750512644226697,-1.0,-0.4744257813730315,-0.28856215983389627,-0.4326132018939671
-1.0,-0.32980599939472943,1.0,-0.9266262078667673,0.642867416465438,0.4112897058891527,-3.0355146943946725
-0.8361820453465671,-0.32243209173189324,-0.052202620008915145,0.06742258055202688,0.8627751527829953,0.09329737092644885,2.1201188879050017
-1.0,-1.0,-0.8460070350125826,-1.0,-0.20793278930717862,-0.5142235924842956,-3.1777589607825303
-0.3683314328537943,-0.16475243929352268,-1.0,-1.0,0.9525734507674551,-0.052160236767265084,-0.17675495073717692
-1.0,-0.06578669422143901,-0.2924026732514423,0.027463515704136132,-0.3548092252212267,-0.3013438391743945,-0.724058401952347
0.43080077215243473,-0.22397551468466048,-0.009332068228439516,0.1007823071343108,-0.675373435409593,-1.0,4.60782537322094
-0.4737420772965062,-0.16425346638678762,-1.0,-0.45629615591717987,0.4787609835142206,-0.4546518532167399,-0.14100082537736147
-1.0,-0.4017840326146691,-1.0,-0.7778711339312459,0.9778741762090006,1.0,6.439509158300518
-1.0,-0.6970131342616042,-0.8914558033191194,-1.0,0.3118096093597825,1.0,1.4641137513259073
-1.0,-0.609287745591035,-1.0,-0.13845083821402449,-1.0,-1.0,2.3285452543860417
0.9012865983208185,0.9783348746362475,0.6886749900519822,1.0,0.7126705859890752,1.0,-4.056548913967857
0.4274645834573665,0.4550595811010778,0.35007670773174737,1.0,1.0,0.577219427299617,-0.29681991025523247
-0.39599246109439373,-0.7568658928923399,-0.15480106635223564,1.0,-1.0,-0.22439514055635335,0.34517857594270346
0.2627536623805915,-0.2977464800768561,-1.0,-0.673585477128446,-0.05124986245841276,0.8654251827772197,2.4553116464586284
-0.36834737462607114,-1.0,-1.0,-0.12023330413959599,0.2130185538112268,1.0,3.3725667224405584
1.0,0.12489916253448441,1.0,1.0,1.0,0.30116571266620706,-5.292367481122018
0.04614705695206252,-0.43735558652782075,-1.0,0.6154010334196933,1.0,0.24864735990570186,-1.9129558123393302
1.0,1.0,-0.40694516429400135,1.0,0.5013152364306109,-0.17482170675643494,1.5844856535738812
1.0,1.0,0.8825939578274992,1.0,-0.531838783876845,1.0,0.0018706661118461088
0.5537068216640542,0.6998520104997388,-0.5697767185629206,0.6263835143229801,1.0,-0.008314311366426505,-0.20115997605821856
0.39166314886171183,0.7436946058918878,-1.0,1.0,-1.0,-0.21244716501623417,2.728001098666979
0.5870708233117587,-0.1532519837778219,0.0003754047405708505,0.37071646090896504,-1.0,-1.0,5.137249958788334
-0.11658717010315467,0.14728106608007352,0.04368853402374559,-0.4361832343385256,-0.09491022525265547,1.0,3.376060252504035
0.030460802093163153,-0.2169975864898246,0.6190461560513616,0.2288271377487756,1.0,0.5234032732285009,-1.453840966977388
-0.13203660825872804,-0.6637095481859072,1.0,1.0,1.0,-0.4592669717407035,-0.8390370394406359
-0.8088929633972373,-0.145864094464921,-0.6636112433710333,-0.6358117258017354,-0.2440323827813763,-0.02477816467662544,-0.45433456540972117
1.0,1.0,0.318863102373955,1.0,0.3083596454526284,1.0,0.4349346813733253
-0.3384492139272104,0.3335792172358478,0.7097822018048017,1.0,0.6145848043398789,0.6179455336036185,-0.6618843946855172
0.7389175522089825,1.0,0.8787417257493829,-0.11813932752264511,0.13613575657889943,1.0,-2.561126730907679
0.7546185209476143,1.0,-1.0,-0.701263249768743,-0.5256629625333118,0.07317586422800582,4.488954122675929
-0.05196081364811597,-0.15205377740770637,1.0,-0.006272950118217491,0.8171071752558552,0.9524842657874383,-0.8593927476098158
-0.6525626766208111,-0.5792028152861104,-0.8662352197210195,0.6121952742228092,0.03366769291062588,1.0,4.657089377283495
1.0,0.9500415679503154,1.0,1.0,0.37953605405488566,-0.33380983024427224,-2.6870556713912035
0.8219311383491206,-1.0,1.0,-0.7964570603184498,0.6905513101488074,0.39910468870336474,-2.3524397056811814
1.0,0.43380363706045544,0.6597970422462955,0.3227815161367203,-0.6915899716835914,-1.0,7.432051096228192
0.11761681890388831,-0.07181252045079406,-1.0,0.016855364431324182,0.07892930770981121,1.0,6.23113202375241
0.14857872562529728,0.865716532504438,1.0,0.3641618994037743,0.2111498550475074,0.4947341183815519,-2.7482049641789357
0.4473825275112798,-0.27192602338829147,1.0,0.7220003850622242,-0.06601875504258925,0.1406839489472156,-0.6140209222126336
0.8629551620235119,1.0,0.5183468658469095,1.0,-0.3884377808252546,-0.29439864337215504,1.8609927287503647
0.8627430192935854,0.5404181262966847,1.0,1.0,0.40589802630578187,1.0,-4.785287391920102
0.7428397487815177,-0.16151699578144202,-0.6382536486052615,1.0,-0.24981858432117127,-0.21338360406449697,-0.5065024941260771
-0.7131050067251563,0.1767593531433873,0.8345315044147901,0.30598295430594735,-1.0,-0.3627595773593987,-1.8965863444907278
0.41112691419322145,0.6242817396861315,1.0,0.9448901657399531,-0.01137239303404991,1.0,-4.160204756183588
0.1714938466785032,-0.7462502822230535,-1.0,-0.6532664059521185,0.5964850411451212,0.09128370274356024,-2.5082736277235544
0.9966385799807372,0.9001402419875562,1.0,-0.654402775489959,-1.0,-1.0,2.1778626220165545
1.0,0.8649161732060657,-0.06802319679879054,1.0,-0.5395931264559006,-0.5941659994636332,5.441991808200739
1.0,0.4476227638469199,1.0,1.0,1.0,0.7156887528774771,-7.254568115984547
0.673631536089504,-0.3789404017983037,-0.9972620462863913,-0.7832115542398552,0.14084549648264244,-0.381113877394469,-0.46800149267461355
-0.014661663796611657,0.3809327983869861,0.7801008441114312,0.7241445209978297,-1.0,-0.7892991854821736,0.5863359058886054
-0.4043924297648105,-0.5647636251324959,1.0,0.8905897449434469,-0.5046819982368416,-0.43302643149333464,0.22797969471466129
1.0,0.6722512603192916,0.9700223217647256,0.6589190793154981,0.7758456125251361,-0.305482686150875,-3.779046401741992
-0.28889399174562425,-0.7190394132618467,-0.32402499428057696,-0.05266362177976285,0.1292050005953682,0.7513952322129487,2.091748520681061
0.2307003808205912,0.836451700873864,-0.22044920484552719,1.0,-1.0,-1.0,5.964155419282445
-1.0,-1.0,0.5952287510653275,-0.4507550418755247,1.0,0.902460989584719,1.3323930389639476
1.0,-1.0,0.07185199687175414,0.4030365804562915,0.030094401875340182,0.6127345679135048,0.5998178545691517
-0.11916225017765814,-0.8262391784893302,-1.0,-0.35088437594824906,-0.9596043865876586,-1.0,2.1305287458730486
-0.9910995060754233,-0.2361028567385292,-0.8680848354987467,-0.17389560565726597,-1.0,-1.0,0.4414015092501594
-0.4533728475874346,1.0,1.0,0.13391730683805653,1.0,1.0,-1.5210107331308071
0.04666149601491987,-0.03774699721117991,0.23708288724210444,0.21407491548835078,1.0,0.6525835351829526,0.37371869314683626
-0.7074373511333016,0.26911479558084594,-0.2605449070198976,0.9222926276653763,1.0,-0.33274714304205727,3.3122411199214485
-0.19225739626818542,0.6058420231892782,0.05547062164512151,-0.6565114120101077,-1.0,-1.0,-0.30073732600014624
-0.6036871911000742,-0.04067467697225488,0.3068081010506013,0.09450467029951293,-0.6687179526020903,-1.0,1.112246224544874
1.0,0.553161208772998,0.06690044326978295,0.19397585353807562,0.335093735548892,0.28988373623123914,-1.496922886236416
1.0,-1.0,-1.0,0.812964775070817,-0.320336663608342,-0.3903575516621599,-0.6216345613269378
0.27871374039120944,-0.6521181532454677,-0.3676059171064465,-0.27943633587620953,0.07623287928866107,0.07304937715504234,-0.4509026755242482
0.243240216699311,-1.0,-0.4238050235170055,0.0783847427132156,-0.7275709511794966,-1.0,2.996462867455871
0.4780330073363119,0.34028566749583766,-0.6149649554279676,0.9548274376780496,-1.0,-0.5896874445236306,1.4884479043784626
1.0,1.0,0.28184656322763557,0.3986031170906199,-0.22020134235122,-0.12191761042148463,0.2946555295740302
-1.0,-0.3906254899034891,-1.0,0.22361502754407248,-1.0,1.0,3.0272137511698034
-0.822006111312531,0.4084784262110419,0.92619307307741,0.24001272289971415,0.32654144986622113,0.07776669473245246,-0.575180549541107
0.12279723682475142,0.9602365103804242,-0.2224256249490798,0.35079726130887323,-0.0730913381815721,0.11497120817119344,-0.07519595068221552
0.01949695063070811,1.0,0.6686245725294526,0.629293784739036,1.0,0.09524552974490552,-2.867934106031774
-0.6134617641295542,0.7132225317994463,0.14796636360047133,-0.7101365946408815,0.7262292155231649,0.6944365156586088,3.2948949660037106
-1.0,-1.0,-0.22549534484915856,-1.0,-0.7364610328326514,1.0,-1.9638540038930894
-1.0,0.7699873196294299,-1.0,0.9384311910844326,-0.46969256208925575,-1.0,7.081436800885276
-0.3127189799558787,-0.8698961889275245,-0.14928885934169633,-0.14647020992471815,0.5704381765998261,0.24424886883815386,0.7289504656184611
-0.5450250234399094,1.0,-0.17610432527509806,0.5504272211196055,0.9255272150545122,1.0,6.811480008940719
-0.26223988675732407,1.0,0.40555560328094764,0.3559273853688527,-0.008482606638612888,0.5405891306093553,0.08247444621994626
0.373090253610419,0.9500815060441613,-0.21139505156485733,0.21387991637088352,-0.6983089423436742,-1.0,2.7749301541794646
-0.7242730749232128,-0.8091367640119824,-0.6183632073112024,-0.6216078136948155,-0.3150645570583855,-0.6947594533229318,0.45618983014572184
-0.005506381497447199,-0.02394195199914341,0.6373244921526735,-0.5646080410197826,0.6571588021277879,1.0,0.7649979661273936
-0.6888602618775821,-1.0,0.1330290924435531,-1.0,1.0,-0.9501069496106855,8.444274288417287
-0.2981587074476846,-0.19065865474001312,0.29064034099984437,-0.10745532072091929,-1.0,-0.09460830096733225,-0.5140634400038746
-1.0,-0.5004279876798468,0.6986307149891093,-0.28295928531690817,1.0,-0.11794287908450396,1.4795900140221465
-0.3290304537110537,1.0,-0.8816208504663181,-0.3943792149316817,0.30891505399529534,0.319897902235233,3.824967263274561
-1.0,-0.26833833074725244,0.07487748024557984,-0.19878423686297553,0.7240008524773445,0.6910439521555277,1.6476265777329804
0.17408108738757894,0.8624494109032189,-0.6878751549154644,-0.2867830544060833,0.11610733176565324,0.22702285639333997,1.3237378271825484
0.646336294087762,0.22825852956566184,0.14469688025394462,0.004209393391867211,1.0,-0.43382035751820214,-2.000700659785233
-0.9326228239975144,0.3462502675852103,-1.0,0.1671001002525201,-1.0,0.15712915953007117,-3.272702313727742
0.2390930899257535,-0.14471499359331874,0.38977699982746783,1.0,0.08914526874859774,-0.4975542392232477,0.33961331785085935
0.34093295596429585,0.21103753317087845,0.8601158517539191,-0.19599512506947792,0.49489604276334276,-1.0,1.2388624304776754
0.8581417812283791,0.5207920726532294,0.1748670632550493,0.156951940895232,-0.15110122276383575,0.6270756471288337,2.297387080301256
-0.05399986529264045,-0.4375622663630012,-0.3377498947139563,0.009211351677746782,-0.6644444262099655,0.2310700655092491,-0.6236501245256458
-0.14782308868646077,0.6341067783016842,0.5007255435421714,1.0,-1.0,-0.21156153536885314,0.9277245060758681
0.7764956055309563,0.540161695740385,-1.0,-0.3483387204851384,1.0,1.0,3.8865943045954037
-0.4670143531573723,-0.4072664538083528,-0.6618383025918745,-0.17652269180050728,0.9722238336008895,0.502904420296233,2.077082550777198
1.0,-0.08303055614458654,1.0,1.0,1.0,0.4898267711853823,-5.800546651077106
-1.0,-0.9124291696287075,-0.27239625776379794,-0.964778997885231,0.27188681978807117,0.46365945843428014,-2.184536834069869
0.037219689498068975,0.43065672891629253,0.04816472232167762,-0.41210967377954977,-0.33415276002113425,0.5287393343318301,0.16371877089548836
-0.7515521068182067,-0.18998781461738856,-0.23355362577926242,0.07653447217678522,-1.0,0.05702307477558721,-1.7137477353684365
1.0,-1.0,-0.2801876618013476,0.6643053023171106,0.13038574441243145,0.3232852227935091,-1.034733312780845
-0.5584963776524599,0.41183767869545884,0.07804990155219882,-1.0,-0.1365661933970203,1.0,2.70212556152271
-0.7364427933651474,1.0,-0.39246502763282953,1.0,0.11555673901100168,0.024071012018697602,0.5404025323212776
-0.822881993980977,-0.980136306196705,0.03169461740805757,-0.7876340124811025,1.0,0.5966006785391842,1.9075324848656454
0.2723139100100687,0.26594876141164714,-0.46658625374998913,-0.09834758737621824,0.6359868948515972,0.3218176789521787,0.4622514191120287
0.10555844028320882,-0.7282000854496739,-0.3000751312097707,-0.043254191400077246,-0.8278609486597116,-1.0,2.868233130697049
0.8009030045179826,1.0,1.0,0.30093560478268644,0.21045174466870575,-0.26027222382288845,-3.1138887768981425
-0.900857434538116,-0.028466836528600714,-1.0,-0.7837202436808406,0.5470051597632443,-0.5919411971860361,0.9444922273949288
-0.18611754296063468,1.0,-0.03265312075592655,0.13443078525441676,1.0,0.9828404045714699,6.544328260569437
-1.0,-0.0010498364459626819,-0.6685998893989812,-0.5751039068169295,1.0,0.42324899536379906,2.104131621336569
-0.5962869880667718,0.37786109853483757,0.5061238549225502,-1.0,-0.694968485600481,0.8014170432936946,0.47048154748310733
-1.0,0.42645941311198293,-0.672582113741685,1.0,0.17278460053197317,0.642258351526424,1.1565213419277192
-0.07926734882512543,-1.0,-1.0,-1.0,-0.768175579395472,0.30742206391528026,-0.5732218666795788
1.0,1.0,0.8705990889240312,0.5465610434672259,1.0,0.328948035323563,-5.863426032132051
1.0,1.0,1.0,0.1396269281317879,-0.5302210015446455,1.0,-0.3144925787487516
-0.1175657380411419,-0.15812949989057956,-0.34526581205212575,-0.6788216598787049,-1.0,-0.35934487365792983,1.20577002129038
0.08561324838706505,-0.6106570094089809,0.1010058640562197,0.6157946198160593,-1.0,-1.0,3.419511162803575
0.5906069505271577,-1.0,1.0,1.0,-1.0,-1.0,8.842767632418177
-0.34244476005853985,-0.46666653332943087,-0.8922999637172427,-0.4888763534106222,-1.0,-0.1823321008586382,-0.5057058647177701
-1.0,-0.8308131177201136,0.3681070471294526,0.22267069480054807,-0.3293222937580571,-0.5838165066652264,0.6314273961872745
1.0,-0.4483116488377425,1.0,0.9572572022924082,0.15447768062284006,1.0,-2.380498105536541
1.0,0.36364078773222025,0.6692171675062712,-0.81376469086171,1.0,-0.15757103436088848,-2.8677184301531886
0.20578048864648069,-0.936416159934456,-0.20388322172882534,-0.852185248309627,-0.861958353973455,-1.0,7.672550311775264
-1.0,-0.19819236287250042,-0.8492612040541304,-0.5410806999756104,1.0,1.0,8.045017166606797
1.0,0.7133492762159699,1.0,0.7105512937785833,1.0,0.44825299901447435,-6.670404300904748
0.6356681642527188,-0.67998121041122,-0.202364651092098,-0.023624315824972042,0.6743402252392755,0.6729939823383104,-0.7154510970666925
-0.3388528021165255,-0.7705027901170227,-1.0,0.2710862863072492,0.3553951693827426,0.90845487616777,3.7707980005369484
1.0,-0.4721704133097361,0.7384179156525138,1.0,-1.0,-0.6245365375753036,7.1456667151299165
1.0,0.29866493868307,-0.5733203630245407,1.0,-1.0,-1.0,7.592075697533135
-0.4640145717834123,-0.0783714716472268,-0.28743840875565096,-0.52147180801781,0.5767944192139343,0.9702363484375285,3.0169999808533845
-0.017192661657147612,-0.8397998059373313,-1.0,-1.0,0.005633798650693397,0.5362625865484547,-2.3554603726474483
-0.8146212433196378,0.7442887466621902,1.0,-0.08825946190586434,-0.021153480601144303,0.0563787175805307,-1.7496662057485464
0.4929488378383877,0.13795254073382357,0.19788488572714447,1.0,0.6962851292474134,-0.060924192687651924,-2.066190150705835
-0.6965518684123608,-1.0,-0.1655012890180978,-0.08043249350849377,-0.6526039288061942,1.0,-0.46659331387518094
0.18129934414649518,0.3993663855491637,0.32977361399230776,0.1868566329126159,-0.07885475451682963,-1.0,2.031374162521879
1.0,0.9536966646032807,0.11898804887506026,0.11817856853496062,1.0,1.0,1.6796432859255905
0.5586831587677963,-0.2863153328821384,-0.6403883597464255,-0.45423362224507896,0.2736221949148232,-1.0,2.8333208150244835
-0.053802621595184785,-0.11319512645060481,0.23792368515159978,-0.15364449803516878,0.5349036625894326,1.0,3.378881871513972
1.0,0.20863082358189805,0.8268689896664076,0.6424495894463296,-0.5511549760070141,-0.5474144278687294,3.5829254551254395
0.39748144357138226,1.0,0.8382421373875235,0.4013122653321892,0.47524500326798513,0.5176183519965198,-4.415022471371767
0.8667481780679132,0.24940560735995487,1.0,-0.0339598704899467,0.4364213496500585,-0.0998381275315513,-0.5257106184974544
1.0,0.8740932339781653,1.0,0.8132237678020324,0.580535445367351,0.5190537043174726,-5.87048955478006
0.043179672066567365,1.0,0.32389614380996046,-0.2187004704612946,0.4381122815021975,0.3564953018988999,1.429906680259593
0.10406648634866651,0.46870959884684366,-0.10993699504410881,0.5798027132380903,-0.668654891821924,1.0,4.090729498052758
-0.013031473865119159,0.49284039484016373,1.0,-0.6234417516817871,1.0,0.3686715413880908,-1.1218599468036166
0.553391471578007,0.7169644755093901,-0.11244203820163379,0.8040739613226745,0.8923820270370881,1.0,2.9651203561415906
1.0,0.3845771312517492,0.6482670792537077,0.39398357959035013,-0.24544326530740224,-1.0,6.016947079819558
-0.12987609762674723,-0.9524055642529506,-1.0,-1.0,-0.5388648366795903,0.8351598054273819,1.5696719164282005
-1.0,-1.0,-1.0,-0.1547698661385455,0.913157971719985,0.18923207005019638,-3.876155146296366
0.13451266798213446,1.0,0.6360125574015613,-0.3123557415472085,1.0,0.09796686214089145,-1.1074297249846403
0.35316675056534885,-1.0,-1.0,-1.0,0.6575855115828612,1.0,-3.862736120919556
0.5128607740966349,1.0,1.0,0.36110274836330425,0.46714825752346983,0.28662482295700703,-5.036219735015347
0.4024815566063804,0.38127900043055507,1.0,0.19831749338595528,-0.553062165492083,-0.47450815933524765,1.0798353868979942
1.0,1.0,1.0,1.0,-0.5636765690277994,0.06557944404991979,2.162178615311179
-0.6827666393426979,-1.0,0.4346987375302239,-0.38516801166084913,-0.45413168740643833,0.2391788014001735,-1.113543832739384
-1.0,-1.0,-1.0,-0.785476565814688,-1.0,-0.6864852607029097,-0.7608006450826938
-0.36863813171577675,-0.3394230184082538,-0.5081241546667954,-0.7394884445625716,-1.0,-0.5558419132312598,1.2465602554831716
0.8510891759711141,1.0,0.4697787917331786,1.0,-1.0,-1.0,9.614767872650416
-0.7006223755900811,0.004702385249788388,0.5814000776395176,-0.9058555610475143,-1.0,-0.12432635865961994,-1.6715684498580756
-0.2148719747523138,-0.8788136624251561,-1.0,-1.0,1.0,0.19888565618323056,-2.9963084461174425
-1.0,-1.0,-1.0,-1.0,-0.09225790126817734,-1.0,3.3701059933518507
-0.6493689006886444,0.7345588745375338,-0.26616589369405674,0.7956391904721773,-0.07882467671622716,-0.783268250589373,1.1435819703508816
-1.0,-1.0,-0.9589898652133729,-0.9064954268720524,-0.12660987004847518,-0.060460660583730064,-6.074983712580478
1.0,1.0,1.0,1.0,0.26603276903455253,-0.624736125293012,-0.9665179274339051
-0.4098358639387527,-1.0,-1.0,-1.0,-0.01660763711657487,-0.1765230487987861,-4.8681827752665106
-1.0,-1.0,1.0,-1.0,-1.0,1.0,-2.223940664808265
-0.8173762469960565,0.16296543060641716,1.0,-0.9352777085932849,1.0,0.585737604664289,-0.3071117757335662
-0.05187816817659063,-0.8861801840404342,-0.47198758250148387,-0.5878151110436183,-0.3424954145724465,-1.0,3.9419931482523025
-0.24915367613853423,-0.6746803456836872,-0.7153676117495125,-0.3378382984901587,1.0,0.2393500963963301,-1.4611754625301439
-0.5060075631007785,0.24150528849640807,1.0,-0.896841979075651,0.6936020913094115,0.2516057965886576,-0.9527802807103709
-0.14540656778456326,0.48568088565317497,-0.01787327045729098,0.024874008363733546,1.0,0.41738532587742005,1.362735451306065
-0.2865193520424709,-0.9991288950704447,-0.7908742760078398,0.38618778806744203,0.9933626214509848,0.1775182683744006,-1.7480448843359333
0.26039780927758893,1.0,0.07913387902752267,1.0,-0.4864437586697383,0.07200259018264665,0.051230851108567066
0.7617727691799215,0.2586840771545229,-0.1629843263840925,0.03862902260749401,-1.0,-0.17849009288039897,2.9471515446406693
-0.37257068355824197,-1.0,-0.32788364437109707,-1.0,-0.3887732855028362,-1.0,4.173177601716778
-0.13571689341932347,-0.6464792171027964,0.14090488312210345,0.24267450534210167,-1.0,0.5556201886653689,0.24071300387761763
-0.7864829718947597,-1.0,-1.0,-1.0,0.05747355489813963,0.3324832551120967,-6.447576679073044
-0.05158151064623051,0.5405854911271122,0.3651117253877737,-0.36314828061171933,-0.3984867371209413,-0.38488341389897074,0.3362670884348023
-0.14860496857820316,-0.7332169886549547,-0.6766540444986797,-0.5822069698530052,-1.0,-1.0,3.0241705301261312
0.5882099861945804,1.0,-0.4041789976657668,-1.0,0.11854687274777898,0.051724185038592774,1.9938320199802726
-1.0,-0.9287882504756366,-0.33743063871869805,-1.0,-0.45448977022413994,-1.0,3.612683199845405
-0.6735680538328371,0.2368954885457082,1.0,-0.001895331480896545,-1.0,-0.4243718505315428,-1.749990468310332
0.18540241347833908,1.0,0.07339730672927458,1.0,-0.37216120031516386,0.7477349921508558,2.384058359337015
0.2869647415862582,-0.11247914347129434,1.0,0.6406958351546663,0.9819085139614241,-1.0,-1.5207462522396817
-0.24233474421466664,0.7588111246273457,-0.032790578220738886,-0.008789870394655369,0.463363583447455,1.0,3.7876545302598053
0.6362142870939316,0.2983766934349031,-0.6618257957633568,1.0,-0.19664440378798304,-0.14452340595269064,-0.8907746858805684
-1.0,-0.06052959335782471,-0.3593834049605149,-0.26191428322736887,0.12071120015601489,1.0,3.03824173326244
0.6880243702630309,0.29810532491057273,1.0,1.0,-1.0,-0.6358286421740241,2.9994245327094204
0.48231814547197904,-0.6030886918427905,0.04551385437959149,0.32774184979806364,0.12940601074573377,0.38637843325528176,0.15936600189446073
0.7389193545192835,-0.29315621066733116,-0.36445103165668247,-0.19127028554857364,-1.0,0.39212641834230083,2.8556985426869366
0.3466107416266664,-0.031758523955648266,-0.09386862533784301,0.39602121993256506,-0.5764153978241977,0.1705081601729992,1.0468489978677429
1.0,1.0,1.0,0.8674007808537516,-1.0,-0.02831111188636304,3.8721694512000804
-0.14874435446021514,1.0,-0.34066409620922616,-0.3681357707319751,0.22246619972583245,-0.07576734872022894,1.3832700832877813
1.0,0.46535596955770053,-0.5571772862160517,0.7415207647436785,-0.6612617076530685,-0.6889349132217295,3.969927282253493
-1.0,-0.16505546705474106,-1.0,-1.0,-0.19682331625834115,-1.0,5.022199106679443
0.94812683242928,1.0,1.0,1.0,-0.22178612463738756,1.0,-3.3214398348863408
-0.11093857976951971,-0.4218263735355483,0.7104077928325877,0.8463409502687697,1.0,-0.7517553643788826,0.05554151093858295
0.02310120594927878,1.0,1.0,1.0,0.4485585803740778,-0.26967543945285033,-3.582281922943441
-0.43213694810910486,-0.009591500854471802,-0.4369648359542573,-0.8624381107297256,-0.5550228919383331,-1.0,1.0384384415410084
-0.10592456837401876,1.0,0.48910524741566064,1.0,-1.0,-0.7491375790016874,2.021334936190602
-0.5066271561838316,-1.0,-1.0,-0.635784988749907,-1.0,-1.0,2.724727015654619
-1.0,-1.0,0.466302000580313,-0.6799637898060124,1.0,0.7293854521912322,1.3088854731746475
1.0,0.9162580320308797,0.9650194535851326,1.0,0.7866109071498361,-0.8858194359204052,-1.8488334362747019
-1.0,-0.7900570676131954,-0.9533836143509371,-1.0,1.0,0.37766332716503626,-3.8320853420608887
-0.758504872996099,-0.3186725630107349,0.8944692430616297,-0.055793607531271994,-0.10352129153133366,-0.49473790130493567,1.4450861407734952
-0.7390953742223221,-1.0,-0.4803338682687853,-0.13978456902192093,1.0,0.36794154841844673,-0.25470581982876417
0.8692042868477179,-0.0023015472288501204,0.9826774833932539,-0.037008326361244626,1.0,0.08718028911643516,-4.1934550563091975
1.0,-0.006785541220606928,0.18526653562674034,0.3101932175455293,-1.0,-1.0,7.541939098591733
-0.05427482323328725,-0.24236402465046003,-0.014587802076316714,1.0,-0.08804579272808555,-1.0,2.4531686578076246
-0.13616642472065332,0.8582041004622134,0.4109338140545101,-1.0,0.23215630216711114,0.516858713315199,0.09579132465147988
0.04767685539372768,-0.755082690718311,1.0,1.0,0.6616321874734074,0.5230132431829579,-0.9994513928439431
-0.07323802980685176,0.2496930722892755,0.9419879931866182,0.4011884042943275,-0.4156310771423093,-0.8030279054151146,0.8286774876427516
-0.043172951950726346,1.0,-1.0,0.6781386708502399,-1.0,0.6433931769584873,5.9580200422591245
-0.45187304340001877,0.8502101828565058,0.4478688353750839,0.807317610358276,-1.0,-0.18885433849058164,-0.05605369324602261
-0.013486815745290759,-1.0,-0.6149747577288036,-1.0,1.0,-0.6207597473925102,0.056181163173511184
0.6066726758392248,-0.11531036154425323,1.0,1.0,0.18739004800585946,0.5617913290383405,-2.88262966305689
-1.0,-0.23215241527543648,0.20203437495398413,-0.09220556258227985,0.880415287686717,-0.7231976841036,4.629054452289032
0.09999333122013743,0.020784734771286173,-0.8850647307349235,-0.8234034557582139,-1.0,-0.7588204883738465,0.8594897754505012
-0.9122725804606588,-0.5886380561118528,-0.4459288860592677,-0.05433305739532179,0.26981564433577304,1.0,2.9485476717885293
0.9578149379933031,-0.27619745722525324,0.29097436244941033,0.6605429108304668,0.9076917452980977,-0.20080543505045334,-0.4897682444113125
0.16170490442454089,0.25772021303693887,-0.44933584538999116,0.20708042218966582,0.16152154091602233,-0.38007119105593956,-0.061790787502143604
0.5624611319469643,0.9092616436384604,0.8843523030519755,0.10225370226808694,0.11979438986552193,1.0,-1.0662093482191666
-0.866874637355526,-0.8983711980771307,1.0,-0.644300453496913,-0.6971130555288902,0.04581062806976366,-0.20341381677151232
-0.09849398256052833,-0.004170265704748433,0.3793672058068553,0.48181491432619117,0.2787689367334061,0.5799598019556462,1.3499099271090031
1.0,0.8890430376589065,0.2764913101450377,0.7924529755003571,0.052561646421189656,-1.0,6.133041530991428
0.9652718143569783,0.24921898914291596,1.0,1.0,0.21813391951428926,-0.5709381451664922,-0.03495209008192138
1.0,0.5875216987186185,1.0,1.0,-0.6656063250275646,0.16083655359010252,2.223800194866328
1.0,-0.2935129186470614,0.6487692677399516,0.6205165394031213,1.0,1.0,-2.170636283999399
0.23556904484561175,1.0,0.9679380104102648,1.0,1.0,0.10632602137143787,-5.207865027386706
1.0,0.713852016957057,0.6214612612191301,0.3108706920538933,1.0,1.0,-2.5863113422236133
-0.17951804871525456,-1.0,-1.0,-0.6389175375336189,-1.0,1.0,3.8282265969913984
0.9539252363007504,-0.260945629884344,-1.0,0.3130756977871042,-0.4487976157134823,-0.16130223960166523,1.4927952196539276
-1.0,0.7777117840627461,-0.4903127185182399,-0.3204563942558487,-1.0,-0.4557005871516939,-2.3907529242275487
0.02411775297327856,0.09286435073611288,0.9348663328096356,1.0,1.0,1.0,-0.021400793469845386
0.22342782060574318,-0.15477691151711526,0.5677338063677888,1.0,1.0,0.34151720027749655,-0.895471536447447
-0.04698868852847027,0.7652580091248342,-0.0013452446625618064,1.0,0.7180716030306549,0.10894950408326154,-0.02960545048101529
-0.9983271531114548,-1.0,0.19624639399577226,0.17961429376441063,0.10712205952686538,0.14645104155006178,-0.6356640805524547
0.5665843891336798,-0.32105015098489353,0.8711768318940336,0.6199520999131118,-0.9161160606517762,-0.6371374768906428,3.3353412325526457
0.450983246919227,1.0,0.4381538117664587,0.8869803898607794,0.26907561545950887,-1.0,2.4691451448914954
-0.13748022907753943,-1.0,-0.43591699733199185,-1.0,0.20489113013521099,-0.17593216003552237,-0.8859905926766466
0.7339592993621404,0.9605239594011818,0.3629645484346098,1.0,1.0,-0.19189007342446007,-2.449826236307894
1.0,0.3647910205584751,1.0,0.7225071302484176,0.10538818653525239,0.5592080417765951,-2.1998717537040355
0.8543288207027755,-0.9738623584496271,0.45305858496801354,-0.13826798123759598,-0.07914363498192693,0.04888869125325365,0.9141350662917418
-0.49441406705460084,1.0,-1.0,0.5198678230008966,0.8492440165857993,-0.2891305234939958,1.987426914769894
-0.00872176861250612,-0.9472315585432014,-0.36724993132171324,-0.9076352499015743,0.09818703738337808,0.6160990276432297,-0.9176120971747771
-1.0,-1.0,-0.22017304723494963,-1.0,-0.6275143345147842,-0.09760239843484686,-0.18022331003794778
-0.01411695653591473,-0.4310147971011401,-0.2946912091148553,1.0,-0.1466898578996625,-0.652389003488856,0.24128012063271478
-0.13289156761736165,-0.015110185889440686,-1.0,-1.0,0.10983827968690607,1.0,5.3277057122480995
1.0,1.0,1.0,0.19341699675515245,-0.811769779793424,0.31277422634760343,0.22959644237883353
-1.0,-1.0,0.29169941889777107,-0.48536467606694067,-0.5352229789899539,-1.0,4.5229398503324445
-0.7235420107046264,0.49976877582407336,-0.06523913661517211,-1.0,1.0,0.9197524807935957,7.057318784976932
-0.4349718166392466,0.6673539311560508,-0.49282540209994874,0.7544308042298961,-0.24919377731775635,0.40957866933706466,-0.1102963512329147
-1.0,0.7981352177410925,0.3250510355021466,-0.37032706260073667,0.17501871713776307,-0.03667506092189399,0.37088885316741416
-1.0,0.07019269506033476,-0.25755249164441785,-0.3124815236245333,-0.949279590183963,-0.19853338863892045,-2.1146724819043037
-0.04086611440095178,0.8305842091111848,-0.012535953695174906,0.30392973242607646,0.6433116928050882,-1.0,2.142898939869921
0.5634264192290641,1.0,-0.7488566083169932,1.0,-0.09676009808893249,0.7262968946629778,4.308413967011673
1.0,0.8925283189233727,-0.3926517017731923,0.7069021125600808,1.0,-0.4544259703275591,-2.2754547379727277
0.35064009692000253,0.5771440641128958,1.0,1.0,0.42916598878255113,-0.3583214244559426,-1.2699228009728367
0.22981107814116622,-0.14512043715370804,0.9043647011965318,-0.26766612667111844,-0.2330716950289844,0.3652925380416917,-0.9517680717804692
-0.8934343396801241,-0.6803982479001616,0.11285543206725973,-0.13464298560439336,-0.7169356984356705,-1.0,1.702692331971855
-0.49135231077783004,-0.11375408632589726,1.0,-0.7636388370898995,-0.9179787785040143,0.5639712246036395,-3.3848176912435015
0.10316359447678444,0.7422805476526759,-1.0,-0.9429613285317724,-0.9959756003944127,-0.49791105582860906,0.6620003578014766
0.12825902925517263,-0.12502448506945546,-0.045636985880508296,0.3158459553228402,-0.5827868154412423,-1.0,2.5406730856441797
-0.49438979288269713,-0.9055221572339723,-1.0,-0.6457203641908655,-1.0,-1.0,1.9059284936970848
0.2522010504873208,-0.8266071466831173,0.28631027984017887,0.5086969837766708,-0.2067429724851253,-0.017562036611483076,0.2736169363898205
-0.008763601680144728,-0.08477168532472562,0.6198653160463441,-0.09735214935627479,0.5885796052865726,1.0,0.27327854529273854
0.050259221416659616,-0.2839138675964492,0.7423703163140183,-0.32298077545732284,-0.44169951644186756,-1.0,3.2095955217504915
-0.23096022823931212,0.3834270427667338,-0.15841933167531197,-0.04300670599667544,0.48770507784451456,-0.43185601502452087,1.6945650778352477
-0.48066898910539346,-1.0,-1.0,-1.0,-1.0,-0.9676861340774019,4.717521148156197
-0.7704994741024209,0.5086206996384588,0.06780191851667883,0.9948651033780942,-0.7317984310851395,-1.0,1.6845795396223862
1.0,1.0,1.0,0.42019242203229057,1.0,0.40208609300996867,-7.033222615457824
0.56262877934481,1.0,0.840149335258831,-1.0,1.0,1.0,1.4184735253151814
0.13200828992123803,-0.60277315453571,-0.5945188931341884,-1.0,-1.0,-1.0,5.414565772130777
0.5154996687782964,-0.9822023399751327,0.5194714489410832,-0.15899431142735698,-0.3995381755928576,1.0,2.2674667566896867
-0.19909413254683006,-0.510571604022953,-1.0,-0.3728176075980445,-0.1450910685658371,-0.8797052196130741,2.200327064782704
-0.06022370496447721,0.3180936172650184,-1.0,-1.0,-0.35583397457362165,-0.2078040746231367,-2.488124268462008
-0.08843998758740679,-0.7490036837766034,-0.648785923516527,-1.0,0.30543857785815387,1.0,0.5051124505593694
0.14796094698005172,0.6912611056756331,0.11679649986143226,-0.8089128880532982,-0.197183760041951,0.9664290533256295,4.632998141421705
0.10335234343779809,-0.014887517797179395,0.1257766889979619,-1.0,0.6320937177393328,-0.0955801763223037,1.260891929981565
1.0,0.3525145050377816,1.0,1.0,0.04196227315874401,0.7054862800369783,-2.569619884645304
-0.8515831890845029,-1.0,-1.0,-0.7688959485459173,-0.020798344007487257,0.5623090307702596,-4.080585339043512
-0.47985690890301147,0.4632799709616257,-0.033780907208329825,-0.4949333625917823,-0.44622459985734114,-0.4377781800665741,-0.3189196028682013
-0.8482659727487005,0.2907523837311273,-1.0,-1.0,-0.9914079257381213,-0.09109750365597025,-0.6346858845787187
0.4681536120779907,1.0,0.5823578542091015,-0.7913294473703503,-1.0,0.9337181639608209,7.176345648215725
-0.8446435926157886,0.9414643981397257,0.33313151676324376,1.0,-0.15185493744787737,0.347653268031622,-2.7350582782265556
0.4577447810172955,0.1117033657769132,0.043614791935095716,0.49507261581881234,-1.0,-0.9966030495796573,3.347336339860888
-0.82404759860692,-1.0,-1.0,-0.1974253723393926,-0.050637246645875926,-1.0,2.6353332046224933
0.709976722355344,0.9793872076808993,0.9237682127210614,-0.058285063304118145,0.10723766275375035,0.46943594032485714,-3.5671900972184187
-0.29125011220634445,-0.47655698128709634,-1.0,0.69218970421839,1.0,1.0,8.375736054984989
-1.0,-1.0,-0.2440607301349289,-0.552139294965627,0.3292841233821733,0.9073117799780528,-2.0498444343825657
0.11450917830142993,-0.7056939228198347,0.40873631894627094,0.28355986392380167,0.6070224352848317,-0.859659863347602,3.1446848187583862
-0.8146348493544675,1.0,1.0,-0.2596625400698953,0.022200963307381416,-0.3705308646980958,-3.059407705466935
-0.16071087169301856,-0.34557457472320274,-0.25411002576734937,0.3260983228384268,0.42655088916632755,-1.0,2.340396028882611
-0.7449159639492412,0.4394462912397906,-1.0,-1.0,-0.4365982150316492,-1.0,1.7846857435144976
0.16053917830655173,0.47126787684577987,1.0,1.0,0.1634222113260636,-0.334816273760186,-0.8458628340704617
0.9498780046968491,0.847833032039934,0.940562619889441,-0.5211640815374983,-0.8729270701437999,-1.0,4.440593617012898
0.7094005895271656,0.5047270263821795,0.2854053666746065,0.26446301527972177,0.1818095877017329,0.13493523135198832,-1.1478846473834814
-0.873280622589874,-0.7830013794977547,-0.5644341185960925,-1.0,-0.11079686271783573,-0.37151701904390144,-0.504172817274875
-0.7311409004119465,-1.0,-0.13955139674918837,-1.0,-0.6999654510863139,-0.27537688756602496,2.0752145800171395
-0.2935201818098504,-0.5880882429916012,0.07857278523975242,0.14131448003693037,0.7818483005265459,1.0,3.0652577748231105
1.0,1.0,1.0,1.0,0.383727337060208,-1.0,-1.3704959520477131
0.6014976794541511,0.34333648114534987,1.0,0.6104338276951737,0.7810248180884269,-0.283904757826559,-2.862051899470933
0.5764037362876276,0.911177717750923,-0.196708501809727,0.32903968837374525,-1.0,-0.6602594294805044,2.76200582728475
0.8100851852295595,0.9844642869781941,0.9066842095267039,0.6927992976336691,0.17731664418516807,0.5249389234046,-3.880203045816882
1.0,1.0,0.5641527347159618,0.4273982569919538,-0.6750336470151425,-1.0,6.873520073325268
-0.23863384187237915,-0.19545986188608944,-0.9424682727010223,0.04700544682592789,-1.0,-1.0,-0.44089995433166673
-0.8286690627610311,0.15817622144479776,0.3447313387376699,-0.16805742770437154,-0.506419965021575,0.16948949383510137,-1.5410366857698767
1.0,1.0,0.9666815731996676,1.0,0.5521293340581959,-1.0,-2.330048644923162
0.39147408182840837,0.39262629475874844,1.0,1.0,0.7222937221200023,1.0,-2.980391574904883
-0.30445345536025514,-1.0,0.1462828019353895,-1.0,-1.0,1.0,6.379749960396021
-1.0,-1.0,-1.0,-1.0,-0.7413900678412053,0.21222138674651048,-4.907205766300966
0.6924997892110261,1.0,1.0,1.0,1.0,0.38546799292210476,-8.250266808017374
-0.36523615186622616,0.2657520104008143,0.9611817252383468,-0.9885398304384526,0.23997982558689912,-0.44756339571192333,-0.9192362725518246
-0.9214638237290179,-0.9169948890441789,-1.0,-1.0,0.38590634309969557,1.0,-1.4481380203751038
-1.0,-1.0,-0.09992575160181894,-1.0,0.824452450354083,0.14351665812471406,0.6635118978403308
-0.11665869517233274,-0.5735014150474897,-0.3621317486204081,-0.8048527661846692,1.0,1.0,2.8299284902586117
-0.2553002371729022,-1.0,-0.44693598889311154,0.1736639376668988,-1.0,-1.0,1.4665473437889371
-1.0,-0.18170714546118616,1.0,-0.2077562791391444,-0.754495270235559,-0.15020976455129542,-2.7031923396413484
0.9947747246325109,0.315124312367127,0.8410638421426424,0.47387692002426435,0.5896289344936108,-0.5090998455436025,0.1996767357439403
1.0,0.7236958745052953,0.9489054189679746,1.0,0.4315064131469204,-0.9364941000674057,-0.3186438911972994
-0.6498500509549486,-0.6833221261252604,0.3852171725827318,0.9873045564524723,-0.09032488297474339,0.06745408044537238,-0.7134628683005905
-0.557534020835743,1.0,0.6720944319555681,0.33808335089607855,-0.522377410425696,1.0,-1.8471341555179184
0.672976256226491,-0.9148113489743243,0.057038999605660584,-0.031943517870299754,-0.9246667567759279,-1.0,8.004471904143816
-1.0,-0.9941720314656748,-1.0,-0.3923268246127023,-0.9647526135594398,-1.0,2.4123393443950523
0.9966795202682801,-0.19060008603436296,0.7958176317147676,1.0,-0.4565455621523925,-1.0,6.486920880981889
-1.0,-1.0,-0.08429874221362965,-1.0,1.0,0.2849598949455636,1.3613164711624295
-1.0,-1.0,-0.15335228002455747,-1.0,-1.0,-1.0,5.923118989059656
-0.857965625926981,-0.356585960612351,-0.48172791068180837,0.32152420855552755,1.0,0.8458673700935542,3.691181962636627
1.0,0.8676367132170744,1.0,1.0,0.06250826812445204,0.5681860440533498,-3.969855509777387
0.9585712453324036,0.2379068097094446,0.18557987966444905,-1.0,0.29325990714245465,1.0,2.6579455665688902
-0.4707170483108021,-1.0,-1.0,-0.15952854001973388,-0.5413227204174331,-1.0,2.94619517281261
-0.7304283661944848,-0.3389155690628983,-0.1187754985243561,0.17953654388395468,-1.0,-0.7564699418313565,-0.7098132960327675
-0.2049552432938555,0.3611729578599355,-0.2387576078333309,-0.07075680498266348,-0.9905465172239021,-0.20782172935357646,-1.2640888138359636
-1.0,-0.9438080854473607,-0.41021846060930134,0.024266343640983623,0.5864957356876628,-0.0390139936647462,0.5688729823227964
-1.0,-0.04682689283253727,-1.0,-1.0,-1.0,-0.5362797292536008,-1.0040335403621972
-0.42554942824234643,-0.7055441981541104,-0.5366828411164533,-0.4691083771883644,-1.0,-1.0,1.2514352526553623
0.46984876350101845,-0.14295569049746026,-0.9969469079657312,0.04551239408610741,-1.0,-0.8046612773678564,1.2424097451358658
-1.0,-1.0,-0.7572714510079419,-1.0,-1.0,-0.9356080951018875,4.79835458307841
-0.31329450457919317,0.8197450362099256,-0.12568404173834458,-0.3146420504466332,1.0,0.13424664539251174,1.1911188096466625
-0.7866266374170017,-0.5674585191872471,-0.6006171289123776,-0.5440120911925239,0.003333572321697731,-1.0,4.501649395529066
-1.0,-1.0,-1.0,-0.24348894320552383,0.6397079882788801,0.23033882263519023,-4.156380101704867
0.12506998681326753,0.05508590621496823,-0.3918766746832867,1.0,-0.19870565378935556,-0.7651464011246946,1.3878421010825774
-1.0,0.3606272221620762,-1.0,0.19790728524306328,-1.0,-1.0,1.8255483179869405
-0.47355523636497576,0.3475932625514063,-1.0,0.5638650957309126,1.0,0.6936051596310684,3.851491224467991
-1.0,0.8266559459538357,1.0,-0.4159781601676167,-1.0,-1.0,-4.268557082424437
1.0,0.6214442718912674,1.0,-0.219943551214752,0.09713205753414511,-0.05696623053189964,-0.7346975010630026
0.4731860471531688,0.5158983175143812,-0.6306928567642807,0.3833414814382001,1.0,-0.038840347023474275,-1.2449805764618813
-0.8959717174131135,0.023576965589748256,-1.0,-0.09684101622692243,-0.5946673039430354,0.917849495408325,5.760718761538257
-0.41806717737566756,0.5593070346983312,1.0,1.0,0.8434042277601956,0.8566752768583645,-2.787270479665763
0.6882691694963363,0.9108001444826506,0.029848303650430896,0.38835916037888507,-1.0,-1.0,5.062221148794441
-0.8992537381734597,-1.0,-0.9943991510480461,-1.0,-0.9409580096665817,0.41727437284519653,-2.778693225535696
-1.0,-0.8662102875146052,0.1993054086727586,0.3856898687900278,-1.0,0.060377108160516446,-1.5945806077365752
-0.33763815252363794,-0.9709886244678871,-0.3983166757300167,-0.5017078129053171,0.03624599735199163,-0.14034756741942567,-0.900605757228228
0.3594374306166457,-0.02954165598273445,-0.7960410637828838,0.0931240737300022,0.08603532308139694,-0.933049340042369,1.5863736536658983
0.41049105645762013,0.3648710142417207,1.0,-0.5741268485498701,0.9158565347671176,-0.8986977455130211,-1.3250293672087579
-0.046583727522503726,1.0,-0.47393260744226884,0.42825386721201353,-0.04497551159481339,-0.6467699040062319,1.6882528005458086
-0.0015139748201075665,-0.03486426117141628,-0.3183874900303429,-0.6948923546925688,0.38043963710521017,0.11587324171934021,0.5806759819989609
-0.8922400175970233,-0.2672133705939366,-1.0,-0.5458858679744831,-0.06531416509736718,-0.4340403901353851,-0.9728535927118944
-1.0,-1.0,-1.0,-1.0,-1.0,-1.0,4.81794099698851
0.8815795207236125,-0.18972592346238842,-0.923011678057361,0.8233599028213272,-0.17451482469497848,0.04044501912982745,-0.7261510544366188
1.0,-0.6550481731105642,-0.769916000472471,-0.11427487863463959,0.2563122840966515,0.8317007912926073,-0.5919702074724887
-0.9695557399208428,0.8288592898932122,0.47288469525700716,0.9021882300692718,0.2984368006968181,0.4537719609379284,-2.2163173441849926
0.015359822273580348,-0.2675965921183865,-0.7461509224317379,-1.0,-1.0,-0.35221639770620283,1.4287756778243064
0.691685107657412,0.6066808638469529,0.2302589484201376,-0.27533692191256287,-0.38721392502815766,1.0,4.244526699401316
0.7022428790302073,0.9485885071545945,0.6637003683830096,0.6140176896639915,1.0,-0.20815256690185588,-2.5963091253542454
-1.0,0.5094615789169009,1.0,0.46774848987338713,-1.0,-1.0,-1.050704901758559
0.29526479753514134,-0.7730131779002886,-1.0,-0.38199701600055347,-0.5250303765259922,-0.8262282653201083,2.4953825342653344
1.0,0.8344367292987215,1.0,0.8426015378364786,0.5773994023837921,0.6872899258261703,-6.023206060550338
-1.0,-0.6916973799524943,-1.0,-0.13141582853770117,-1.0,-0.7183499239094937,-0.9470692504658176
0.9555368215975958,0.15336180796489968,0.2725519229056935,0.5912123896615769,1.0,1.0,0.31438045237931306
-0.3974118485614153,0.5680912775316268,-0.19021707267508536,1.0,0.10842756278520294,-1.0,2.3032964980578075
-0.27381757743934665,-0.09763252359190977,-0.48432707934487157,-0.6297048600102041,-1.0,-0.4262427716512043,-0.6073596956143446
-0.21124511320637562,-0.2954474691371576,0.8476799267558148,0.46846816446360146,0.34872009331768683,1.0,0.41693822182981993
0.36741917685920744,0.8323026660692372,0.12135294425589582,0.647480183864255,-0.3526597178755374,0.8233364340753566,2.6285677015140623
-0.25245674819857633,0.17446409457638645,-1.0,-1.0,1.0,-0.9969900042511336,3.69738582601778
-0.728552940140734,-0.6377039833653093,-0.38661810731808766,-0.01933088329740479,-0.570895474892428,-1.0,2.842920532901596
-0.9121965074249689,0.10785614038785729,-1.0,-1.0,0.47136648355846805,0.17122947464512506,-1.1536242539879726
-0.027944500135636208,0.4584581679673762,-1.0,-1.0,-0.9711592105382499,-1.0,-0.9440411265959928
-0.5259143663077451,0.7893932593665668,0.5848019907704808,0.9708244483896908,-0.3961362952528051,-0.08650122688809281,-1.8762263150321448
0.0034385292951212426,0.569408493072753,0.02824089465129115,-0.1424149057822819,-1.0,-0.932393452881193,-1.075413402297699
-0.16330183800331627,-1.0,1.0,0.1504596144362964,-1.0,0.02592092777988178,1.8687806486354928
-1.0,-1.0,-0.7924479694520423,-1.0,-0.058863478563298655,-0.5534270266885666,-2.526066095659083
0.16023917118680142,0.7313833181350292,-0.799354325182021,-0.16819587547990267,-0.37317906699229636,0.12837472696746846,2.0228096726174307
1.0,0.6397696704978394,0.42627859822125874,-0.5759790322738447,-0.5147143895919597,0.2924048427673762,1.3285412405057326
0.11545161309843288,-1.0,-1.0,9.44796093632072e-05,0.9168639709349768,-0.3930485572631428,-3.8202732005962217
0.08521514069490355,-0.9336594299748217,-1.0,-0.2998475657981893,1.0,0.8320691225513791,-0.8805762563307562
-0.7209598301546918,0.5996483841081228,1.0,0.7127840033682082,0.43234192373629626,-0.6730228588541585,-1.0107671537691603
0.1905590103708148,-1.0,-1.0,-0.5121656293240824,-0.4791054409570293,0.7050257786959813,-0.05630928127510994
1.0,0.2955292536544324,0.9978130586819999,1.0,-0.04490091370666173,-0.8696555205193561,2.471141081714665
1.0,1.0,1.0,0.8543689036401936,1.0,0.6720860091987741,-9.098864006241707
0.29920548637361755,0.3170300796039457,1.0,0.7893857954867898,-1.0,-1.0,2.559410202906086
-0.35008212152595686,0.7243040485288124,1.0,0.4881092006814567,-1.0,0.1342339907591965,-1.6389794232705492
0.7698175729037702,-0.7804877008991714,0.09521294888253981,-0.36929145753106274,1.0,0.09866227077977474,-1.9715647232179527
-1.0,-0.6185414955031179,-1.0,-0.8962336612676428,-0.7115225102014853,-0.8734569673902878,1.5758089179699326
-0.9276656798078976,0.3734176814395923,-0.6173422105712919,0.3963147622685561,0.14922962998111966,0.9838926655141089,3.875499129348275
-0.7108996977883809,-0.9349247991087392,-0.9603785854026102,-0.3253266836095499,-0.030217864430058354,0.9802455268499488,2.806760068530628
0.9332999237235925,0.6976745608421704,-0.06053499085833619,-0.9148270336073634,-0.35198940406737494,-0.14919308453728675,1.1610521401762472
-0.25729964505145564,-0.04884111088975023,-1.0,-1.0,1.0,0.0449854736029518,0.43923574735387844
-1.0,-0.2911884359940151,-1.0,-1.0,0.3194850098214497,-1.0,6.377422048760163
0.21433351281253715,0.4812269059483863,0.025008775236713188,-0.844402150729119,0.7706428014143669,0.5044400070442359,1.7850510535577924
-0.14373881930598054,-1.0,-1.0,-1.0,-0.2401496600627958,0.0211071477557212,-3.481957560030897
-1.0,-1.0,-0.3192809345653871,-1.0,-0.11943034598589608,-0.18563090480537658,-1.6665449890194226
1.0,1.0,0.30388311935898116,-0.594253287075884,-0.5503469159615226,-0.3162518028049226,2.813450970056649
-0.6051599004742265,0.549924022408002,-1.0,-1.0,-1.0,-1.0,0.5083938463258998
0.588639074430473,1.0,-0.07519642861755893,1.0,-1.0,-0.6526868076588463,6.079182509465082
-0.864031404501151,-0.06874821609873982,-1.0,-0.6243286670035593,0.5351256195728676,-0.6823205053299191,2.3800825551480047
1.0,0.5077027752138883,0.015678020182946062,1.0,0.0044158630833978085,0.23009200714031997,0.2588016173391897
1.0,0.3039868175389222,0.0318707303305068,0.2604400806903824,-0.3468658774730331,-1.0,5.813252429554733
1.0,1.0,1.0,0.4272936451860905,0.45603590273609207,0.4636405447741263,-4.7401238196292
0.11683708808619042,0.4550076469742221,0.7054444267128781,1.0,0.8675560130225413,0.9224220191155313,0.7359871396060624
0.042672532041815425,-0.5756690698745287,-1.0,-0.6810723689566237,-0.1520150012884144,0.7076733073030901,1.8537924378389334
0.8443004866032044,1.0,0.1252884143136752,1.0,-0.385670129383429,-1.0,8.712098933146226
-0.9306241406604221,-1.0,-0.26743482741138314,-1.0,1.0,0.5954785205120647,-0.9670792371364266
0.8278381258832574,1.0,0.17246334341269676,-0.29722661490772573,-0.8099538185729008,1.0,7.782477050037808
-0.4335682573816368,1.0,0.3538362666978925,-0.7860196627890238,1.0,-0.6642893219673076,0.9612994801948922
-1.0,-0.2584377452427069,-0.967310694859169,-1.0,-1.0,0.3269195861507828,-1.7057766978007345
-0.45270767892563774,-0.263139930863428,0.05564333504760255,0.12361506333406441,1.0,1.0,4.043289334634159
0.11457139187001064,1.0,1.0,1.0,-0.6021279198271108,-0.11248541042863436,-1.482677631013379
-0.39052536202368016,-0.3289188102259751,0.4911323740834833,-0.1912659752568815,-0.7133834563758507,-0.0723031234900082,-0.2894832422065219
1.0,0.3873435547486106,0.713419731816218,-0.6102286459320803,0.682318248162124,0.10717918979326213,-1.751379567468563
0.3138644298396516,0.8248773304176764,1.0,0.9103532331906592,-1.0,-0.7355601029575672,1.9278354567086575
0.18968788502396844,-0.5427860724539579,-0.5744754463486993,0.4319727269005815,0.8745417544277466,-0.6140070702136831,-1.2229591043757548
-0.638633230815251,-0.44732794913016494,-1.0,-0.3101270481472417,-0.5999174565141103,-0.18894856665443194,-1.8429970096775445
1.0,1.0,0.44272676531627253,0.9618083484378115,0.08003523525802186,-1.0,5.55329282442285
0.5665181111964146,0.18616363725072027,0.5470751409365142,1.0,0.20665118117734155,0.1616580294798592,-0.14535746720969
-0.6825618849285415,-0.9116589353909796,-0.07333520317084888,0.6709588454393384,1.0,1.0,4.90799656960187
0.820689843600662,0.4580726108439158,1.0,0.5146474086905649,-1.0,-0.29250337074058175,2.9863183391459986
-0.07301728563246677,-0.3877036771579859,0.1350523742691936,-1.0,0.6263743820401775,-0.6716079366491952,3.0321239860367606
-1.0,-0.31502280933797067,0.37698578914101843,-0.6416107915109478,-1.0,-0.10611654147632565,-1.9692849534894665
-0.2424878383525601,0.13606704869636466,-1.0,-1.0,0.49350617715258394,-0.7770151508213116,1.111130971855368
-0.8223919156239954,-1.0,0.7638523301692828,-1.0,0.36667755339804275,-0.5508205084086435,3.799834685130871
-0.24284297293189727,-1.0,-0.2808572110602172,-1.0,0.4018684207712282,-0.6390797247175096,0.9576256237805963
-0.43467500988057484,1.0,1.0,1.0,0.8013897842126971,-1.0,-5.22247986813362
0.5413624884462089,1.0,0.640008283037133,1.0,-1.0,-0.2503514134823759,2.313904677382177
0.5813988163133936,-0.10588662503078027,0.17948356680532918,-0.08768119744234892,0.7847880702535304,0.034990105969067875,-1.0129008652171352
-0.15443943363694057,1.0,1.0,0.6532403507676225,-0.7842142183962006,0.09725360173571498,-1.408426144112447
-1.0,-0.5189281936728056,-0.17562215415851334,-1.0,0.10370997047911268,0.31232602225654116,-0.5089311542040099
-0.25221965894640486,0.6319732100911464,1.0,0.2713216338879866,0.9845663572770871,-0.9489576448195203,-0.22608285840739303
0.2003478942513789,0.04399508414490311,0.1576327691804278,-0.22501403770353243,-0.5636749390950042,0.24834394479410715,2.221551415504537
-0.7056028423287739,-1.0,-1.0,-1.0,-1.0,0.28157449794201167,-1.7067057324534478
-0.428713694540956,-1.0,-0.8982973705513428,-0.8406415791897488,0.16246175597988138,-0.0018925288817471797,-4.596055137435876
-0.23520267608719736,-0.9529409723069824,0.14176995238125278,0.06444172198541295,-0.46613847319027635,-0.538056126839709,1.74160013307779
0.0278020205385809,-1.0,-1.0,-0.2138931591797165,-1.0,-0.7897396435601987,0.8335796845110038
1.0,-1.0,-0.7388527250652174,-0.4171557080074516,0.05698248174747533,-1.0,2.562232922613641
0.8834499726993978,-0.5305960898970714,-1.0,0.4413106315350066,0.9474617392567112,0.064749631585898,-3.500350080273824
1.0,0.1916310669104685,-0.7554118713870166,0.5498442333299098,0.9216981455725093,0.8569684210643199,-1.0985275112104045
-0.8637249642666613,-1.0,-1.0,-1.0,-0.4678627603034684,-0.1453103379258327,-4.807884761626506
0.3664309466424177,-0.7809084767146701,-0.43678133117593754,0.20567781860149237,-0.034742691859486335,0.6133085998589987,-0.2947487987671932
0.8896979285827673,-0.6954627750060434,-0.17814170078106117,0.03185205663515722,-1.0,-0.3369691176294407,3.421671199961025
-0.9495086420888937,0.022897383993088716,0.9550344419443638,-0.508412600485751,-0.7196303717221646,0.46781665856941906,-3.362945902883589
-0.6069518298293173,0.5323613825203481,1.0,-0.10373451356540053,-0.506458753029139,0.8323457302225912,-1.322873527058761
0.151330131802917,0.6556387572886817,1.0,1.0,0.5613757582726218,-0.9217253095439676,-1.812411517876781
-0.2516961647989868,-1.0,-0.13952487803438962,-0.05050511222777443,1.0,1.0,3.853968975404216
0.013244208361193444,0.051695775338098215,0.18792819197873745,1.0,-0.008803600455351598,0.1333672279746015,0.4861760324967537
1.0,-0.4422201630823941,0.9706071570389659,0.32264292208127765,1.0,0.27827359568571697,-5.286621342647572
0.31084077841485513,-0.1825799743872384,-1.0,-0.10112699295188343,-1.0,-1.0,2.5233847998496777
-1.0,-1.0,-0.21549658425664575,-1.0,1.0,0.7197589151279162,0.6917979112432764
-0.7186401906302664,-1.0,-1.0,-0.8300761084331587,-0.848617182265025,0.12748324371897346,-3.932733924702665
-1.0,-0.4882887534741003,-1.0,-0.3796432296187955,0.7344099063805262,-0.2659234956990403,-1.5633569058050745
0.5014734778910879,-0.15050266375416865,0.3868714290331051,0.4150742804431219,-0.1924471185417836,0.5405164477922103,1.4881729592722066
-0.3211703945509995,0.7752148930584832,-0.3854122486589298,0.4865162765084372,-1.0,-1.0,0.6323076319535784
0.9060529854092594,1.0,-1.0,0.7930890854633159,-0.4825505636958163,-1.0,7.806918919935657
-1.0,0.26641980656987146,-0.2314605878396194,-1.0,0.6956335143984105,1.0,5.970804532731768
0.5681909403355621,0.8092522744228603,0.49231547465076453,1.0,1.0,-0.3676221112517815,-1.7380283736950168
-1.0,1.0,0.2952551887824724,0.705436873413822,-1.0,-0.517480274490886,-2.098721277239524
0.15622483084811334,1.0,1.0,0.9333608186335169,-0.2175357595016617,1.0,-5.237287823141025
-0.9738420492618841,-1.0,0.0415875642996002,-0.32739309047983634,1.0,0.6259625740727894,1.816057419511893
0.5218304278650672,-0.6628753678527471,1.0,-0.3893158975793441,0.1678514211430322,0.3512394216403522,-0.6861417660233725
-0.7704314590165413,-0.5330894766454793,-0.20405289924023995,0.6665519491337382,0.667903959895742,-0.1935931571526155,1.1275003358296625
-0.4228254782564371,0.6929092833283124,0.5335530117394072,0.006868758629278937,-1.0,-0.6840951468688734,-1.3988485601864804
0.06614618008854567,-0.2607325751843058,-0.3479812744250243,-0.11765734417114049,-1.0,-0.4931128200388216,0.35243370213772207
-0.7232042730228687,-1.0,-0.43284747544568747,-1.0,-0.1824665714432605,-0.7239355757991713,2.0198055292533765
0.6483212502535193,0.9715410694562542,-0.4665785317530561,0.8911269658134789,-1.0,-1.0,7.735135168295015
-0.8048758174611101,0.6548877227934647,-0.6602103429410474,0.4219516069001342,0.8383231902202745,-0.43826265756993865,1.3881840572094561
-1.0,0.08381437229636535,0.2698663923369302,0.1627056042881116,1.0,1.0,4.748384529398918
-0.07187708788155822,-0.8441264657676041,-0.7985410610302824,-0.08836330958907368,-0.21632073736022905,0.4725452589135157,-1.234409535197928
0.3867800202320897,1.0,1.0,-0.07044929235210606,-1.0,-0.7440750622739327,-1.469586990014915
-0.8623566765229568,-0.8815846525018448,-0.5217403837139063,-0.820109596585203,-0.8498549570233536,1.0,1.33744226576657
-0.7229576454505161,-0.3690667799797609,0.29953563158409735,-0.5660154644290418,0.8570461075188949,0.1249459509829578,1.9474926671788408
-1.0,0.0413890777829119,0.07732684204325842,-1.0,-0.7637749654037664,-0.9493452400440006,-0.7088287620857031
-0.018000864172448727,0.2670048148333195,0.03824655445187064,-1.0,-0.23475948171747685,-0.3403380102630829,0.6798679289075207
-0.3394338566057219,0.34681476148026713,-0.08669186271749377,-0.1562648656321346,-1.0,-1.0,-0.8907141824348711
0.6164637187213873,1.0,0.2967779824164083,0.7745158917580728,0.5142601484274223,0.38224400940021885,-0.8450610984387243
0.7195492393404672,0.7768227462365487,0.2912356244864307,0.20929050287750442,0.9690496901872718,-1.0,-0.41980235249896225
0.4915278820741684,0.43775154239663244,-0.07720707783549055,0.9572554769389892,0.05161322152550185,0.4505031234047422,0.16135720471751308
-0.6497573011407318,-0.2845918480289478,0.24330683935845263,-0.5751199802580083,-0.3536363614050059,-0.39177452265881896,0.2659473215547623
-0.591768813309647,-0.861605849592111,-0.785778197387622,1.0,0.019026640400006456,-0.21751483363727409,-4.218153563877443
-0.00711498807864086,0.6565550492069823,0.39783570705820737,-0.31082934384563543,1.0,-0.4441397335203678,0.9201146224476009
-1.0,-1.0,-0.3581447481788661,-0.9844857350807401,0.14421192708340796,-1.0,3.650766714390351
0.49897079320403126,1.0,1.0,1.0,0.5079582040355605,-0.45336019898718216,-3.9886148254255387
-0.6924309294197604,-1.0,0.2697442295750915,1.0,-1.0,-0.9956837912086454,1.589878719086097
0.2901968448458688,0.7534249332609853,0.3610899870178745,1.0,-1.0,-1.0,5.055413270888595
-0.4012861944927867,0.10016493075398536,0.11758161566100442,-0.09610121096944263,-1.0,-0.9088561395153536,-0.2690686785588061
-0.3644390952810539,0.5338701815942526,-0.2685793674633975,-1.0,0.3788163521140195,-0.2149301994798687,0.41935755788898676
0.5344730273858038,-0.2783991995524676,-1.0,1.0,-0.4142635135573248,-0.5719397955410654,-1.4368520863920042
-0.8987471162658547,-0.139411227481127,-1.0,-0.5685583189007737,-1.0,0.9578738138442738,4.443267169437358
0.39755355266870585,1.0,-0.022130148032096786,-0.4928270389255053,-0.6671845386569404,-0.846680383673287,1.6279491272512934
-0.6000830569116693,0.07988975552747574,-0.6250946912775585,0.5740414184895164,-0.3461880807924653,1.0,4.229494373383788
0.23333996089868075,1.0,0.37976338356346817,0.9305978265733098,0.919287152624078,0.450651784098848,-2.1013156550116565
0.025219984588448097,0.05131006139176905,-0.6412240703212031,-1.0,-1.0,0.351050891975192,2.763935040642959
-0.5702314817319383,0.5437613136364758,-1.0,0.5804494300875332,-0.9183506037763745,0.2361770634991177,-2.5347474781379047
0.16432892645440733,-0.5608887348939499,-1.0,0.47519298409244703,-0.8275843768098148,-1.0,1.7574776223313413
-0.08645394490591862,-1.0,-0.5766560364241209,-1.0,1.0,0.8652600620381712,-0.8911927252598351
0.16054933431022556,-0.15714652536599472,0.3555152471090818,0.3731395668767556,0.5726111945522545,-0.7894722954254739,2.274322917137601
-0.31853975334041146,0.6622499576896942,-0.15925098987930109,1.0,-0.5104802802250826,-0.9034985762885023,2.166219352051497
0.6218134216717786,-0.37549286559758216,-0.2850633041665866,-0.40002962873588327,1.0,1.0,1.3217247487817523
1.0,1.0,0.30671094649480235,1.0,-1.0,-0.6158594696298667,7.62146450772546
0.10040762098411604,0.9982791659966923,1.0,1.0,1.0,0.7732370508080137,-7.79144356990344
-1.0,-1.0,0.20572099472284722,-1.0,-1.0,-0.2548137904792014,3.502518698727223
-1.0,-0.43437316022962946,-1.0,0.02599111508914742,-1.0,-0.5870381758667953,-2.651672949905555
0.9005928125896598,1.0,1.0,1.0,-0.04295500309707514,0.6879184684128377,-4.507663411686035
0.8065176498144782,-0.1838648936964935,1.0,-0.8183545593795367,-0.5071047990718631,-0.06437587440522086,1.8254736126940017
-1.0,-1.0,-1.0,-1.0,-1.0,-0.6834549016837053,1.0318312914997891
-1.0,-0.38624053611367704,-1.0,-1.0,0.07669595292194989,1.0,3.9154408807526133
1.0,0.9705394362008108,1.0,1.0,-1.0,-0.7956521902505618,7.654375577616612
-1.0,-0.8386529971883019,-0.31484125037361455,-0.5124265383609681,-0.7659346616743238,0.5934789554529041,-1.4569302407181943
-0.29889718483991434,0.03220864253098432,-0.5175288889237519,-0.08116260654811552,0.7906353754619153,1.0,5.983249755403213
0.3476397887028056,1.0,1.0,1.0,-0.07474396826686824,1.0,-4.804780378686104
1.0,0.28872870061278405,1.0,0.005118909830452878,-1.0,-0.7659375236476276,6.3315103554085965
-0.8649005159489682,-0.7657815257246428,-0.10526101324144777,-0.9456861375413486,0.3159647596267291,0.9797669712920742,-0.8531717705313526
0.9748967873549564,-0.12541661251237168,0.7470862784775241,0.045551670715982456,-1.0,-0.9319940476997151,7.694195116957341
-0.740735790789657,-1.0,-0.08976166241600114,-0.6516361301437226,-0.1336157370737423,0.1432577966500735,-0.5209637905410602
-0.7918488836398494,-0.14336181931264025,0.7998750798191328,1.0,-0.7031253020767199,1.0,-4.232229187171989
0.21465566540091258,-0.8429421172286096,0.06497502840131586,0.06957787387827505,0.8597570092608218,-0.1468248742526028,0.07132597509011618
0.4700768748639298,0.9858999460333573,0.5902666631562926,0.22509520519543624,-0.6685990862928858,-1.0,1.7011154787699898
-1.0,-0.0318096545262368,-0.7005036022604195,-1.0,0.5038035298099944,-0.14251554039415698,0.5327952271296371
-1.0,-0.7491299058025431,0.5852187821422936,0.7916035529503584,-1.0,-1.0,-1.097064392093383
0.2630834623217226,-0.03503456702753982,0.47878798563237057,-0.21526917884340724,-0.47911140429134924,0.025067619138811836,0.2408946750033024
-0.9389730739961012,-0.3258350001573047,-0.9787659361955591,-1.0,1.0,1.0,6.435391377711074
-1.0,-0.3798180111862639,-0.0655406910212889,-1.0,0.4420969309605387,1.0,1.4696854968346513
0.4257991232554511,0.5675367938774892,-0.9775306911324387,0.6808119741608278,-0.588633101564894,-1.0,3.007610356883098
-0.9415727100675353,-0.05181550547412095,1.0,-0.2019379075620481,-0.14358574985912664,-0.02653748468358888,-0.7447154190912288
-0.981403635624003,-0.2194019693273498,-0.18782805202843006,-0.1816842260320909,-1.0,-0.12358047119959759,-1.6866656409887617
-0.0020325061273698264,-1.0,-1.0,-0.8657039837491751,0.6212273263087632,1.0,-0.14325504276622159
0.8667334290741959,0.11167050571712123,1.0,1.0,0.5835007284317923,-0.6877877626691886,-1.6989119174535365
0.3563720007780029,0.3398125221953858,1.0,0.3018324834754553,-0.08584859474042278,-0.5321583227475443,0.8295875414094582
-0.7161751705552678,-0.4134992710012541,-0.034918293040367865,-0.18326585287482133,1.0,-0.5895538603524904,2.5737140840183965
-1.0,-0.325884522687307,-0.5904530244722258,-0.9984137532879385,0.42411483590073273,1.0,4.0117663463404245
-0.2612592018167975,0.6734003467344047,1.0,-0.15021701120273545,0.5481693823027478,0.24522431916776521,-1.8464638739604669
0.9131305411486279,0.5242144251569825,0.18139726455625138,1.0,0.9072308342830547,1.0,0.675028884852158
0.01395962023815922,1.0,0.883757932699476,-1.0,0.4833371007749778,-0.8309339911216687,-4.129026407188885
-0.5966760191449312,-1.0,-1.0,-1.0,-1.0,-1.0,5.368610867177999
-1.0,-1.0,-0.156221533926867,-0.8732784210696346,-1.0,-1.0,5.39771787686736
1.0,-0.16844667692428672,1.0,-0.1476904839620128,0.33317141292912034,-0.7973200851840921,1.3440714154248738
-1.0,-0.14111605737096258,-0.8749759146611297,0.5330315912053059,-0.32612876062683616,-0.5031365446291531,-0.809584281809502
-0.21803375284701154,-0.2738296751172402,-0.2928306485427483,-0.8934338480317696,-1.0,-0.41874119814896615,1.489729399990071
-1.0,0.13327363693287242,-0.16522560631053396,-1.0,0.40068374212901237,-0.5757781926577222,0.8456111861434761
0.29476614324648465,-0.8387226264455564,0.8707562141430174,-0.570688517889347,-1.0,-1.0,7.277460102281377
0.21279649198491268,0.06671037310975814,-0.6828062848967746,-0.3654258313611469,1.0,1.0,4.143625097079505
0.604548237165899,1.0,1.0,0.587536443119449,1.0,0.5118798355177607,-5.071758596452717
-0.6580305826043897,-0.21023061848598767,-0.31556821314124295,-1.0,-0.35927768450338216,-0.6576667560313023,1.309065762285329
-1.0,-0.7114339762545705,-1.0,-0.2737352986701751,-0.7182344180000743,0.7183490484689933,0.20563926747894334
-1.0,-0.5750938335836487,-0.28720079866665427,-0.43921113086543645,0.10627229285515927,-0.43456787832538013,1.1899475134397863
0.8829618670614204,-0.22965136449944878,1.0,0.6050362692104783,0.9040112027484041,-0.8406170435909506,-3.3271672072302274
-1.0,-1.0,-1.0,-0.020966684586548046,-1.0,-1.0,0.29631979302356815
0.09647873596781709,0.7284495136662782,0.9392673732730028,0.014517312560879986,0.6884709480125843,1.0,0.06746874934958835
-0.6554039731305958,-0.9768699940021724,-1.0,-0.39454552667873943,0.5619989671611081,-0.9315988697625859,1.9535228340098243
0.6378386637857882,1.0,0.9801826301074412,-0.5346447509930167,-1.0,0.4621182223611384,-0.0411175332553656
1.0,-0.3856376845388908,-0.047218789479365086,0.2694634806497215,-1.0,-0.12952308054816206,3.2152187822278626
-0.3910260393761553,-0.5724880486205407,0.416240973549511,0.8068918236309159,0.6385388583812294,0.1144001187336906,0.6805354864818869
0.20281170400093573,-0.23415151655064076,1.0,0.49436150432860204,0.8454277622921529,-0.6961165019057869,-0.0698171816876692
0.25283053575939296,0.10034786860791316,1.0,-0.689097835330931,-1.0,-0.7873456773859308,1.6617800403097833
0.1578478675150481,-0.24181538587860585,-0.13474797467368693,-0.16424665839269265,-0.9936925795577329,-1.0,2.497972633626219
-0.19939104686673587,-0.1669682142774762,0.37248267235120325,-0.5632528002083855,0.5256791261608573,-0.8311246652026263,2.3021907632836864
-0.11095752160655414,-1.0,-1.0,-1.0,-0.06211753098066164,-1.0,3.456160550947408
0.07273150233871783,1.0,0.4752043020727932,0.32429707271606434,1.0,0.4992790441354218,-1.0761315798676505
-1.0,-1.0,-1.0,-0.8980863842189829,-1.0,-1.0,3.3556460476330554
0.8606205890569055,0.34321901901055485,1.0,0.4791228906080006,0.3559790038814996,0.19737232261049553,-1.903103432145784
-1.0,-0.1718257470150686,-0.8322311489577237,0.1071362764218774,-1.0,-0.1032532817510523,-2.837573184981644
0.12107810382716355,0.7512367034487888,1.0,1.0,1.0,0.7874674536679438,-4.496287357169096
-1.0,-0.1648170938014537,-1.0,-0.23305858124683354,0.3878390330370195,-0.4903112068470711,0.3957694016486229
0.9154872471208506,0.2001896009647186,0.49335054295178926,1.0,-0.6958375978843374,-0.5325217402291903,3.7251258455577063
-0.05523156643391769,-0.32033552595026316,-0.8664521105199421,-1.0,-0.26077166591519724,-0.10766837473640142,-0.6015364868323908
-0.03895669982677105,1.0,0.5065918286044158,0.8786174203835975,0.5526377324430789,1.0,-0.7702621861453693
1.0,-0.5834779143671744,1.0,-0.08090838137155443,-1.0,-0.9734110837826991,10.573426095096277
1.0,0.4241418243295594,-0.04942658740579864,0.7324975737719056,0.18375486362380958,1.0,1.6148787350973468
-0.5972351470564943,-0.7834458869860788,-0.5491004880016397,0.38367883896782623,0.9761809906165961,-0.3003061140867185,-0.3129679481872759
0.00907998252600728,0.4097588351216578,-0.45469492436953796,-0.10959397678602456,0.13408248322937433,1.0,5.29949905101601
-0.16898979152925914,0.3720126205254221,-1.0,-1.0,0.7538254288972157,0.07639528057099698,0.7408512165398782
-0.28077127975587246,-1.0,-1.0,-0.04690360690405248,-0.38100597133632097,0.7465994992239801,0.38525819326613364
0.02573441649575836,-1.0,-0.21567231357918262,-0.4926644367396866,0.18567618932678492,0.10653113699536565,-1.7124356014728725
1.0,0.1873450976188647,0.461530974907129,1.0,-0.026966535908844347,0.7575522184947192,0.1741029713997897
0.2783102601496394,-0.32614374323920925,1.0,-0.7073222896375507,-0.24823101250027904,1.0,-2.8055938967935132
-0.23282045196209622,-1.0,-0.6367967577388762,-0.39090652430938144,-0.8936173547849566,-1.0,1.93297398559355
0.26395937345861786,0.17029186464539448,-0.7000696311580173,-0.2087400641208712,1.0,0.11310988639525466,-0.6660738931942256
0.4715673172846932,-0.057357577483206246,1.0,0.015493835119228305,1.0,0.5447489388384612,-2.7709030017174516
-0.5027864558425982,-1.0,-0.7882869715097363,-0.932979503443707,1.0,0.8148405757453663,-1.2686031881167905
0.34922029217269934,0.4404913176678734,0.3660010764870265,-0.27183004511647935,-0.8024195637757394,-0.28751854609222416,0.16128833692405153
-0.8487545709616313,-0.38329502822351424,-0.6720627875395176,-0.6601857580705343,0.23967845390809372,-0.8556569600859987,3.298887062369992
1.0,1.0,0.20070947406680695,1.0,0.062458901328772354,-0.2749772745751857,1.366778331350853
0.6167866176198075,1.0,0.5229002280343986,0.40304402289436725,0.6548276379120195,1.0,-0.39025615036675365
1.0,0.765375000709432,0.8610528687829714,0.8372628317915431,0.8233755952232026,-0.66863281823195,-1.9554287926907472
-0.07596534422572918,0.6242057608796648,0.6827950890036227,-1.0,-1.0,0.08616500669436944,1.7922849501498561
0.6114830822582289,-0.5568159152358083,0.44424501418419227,-1.0,0.5152670528518396,0.7390124816196286,-1.4375717287733314
-0.6966621392306955,-0.9889133802443694,1.0,-1.0,1.0,1.0,-3.289687649152054
0.21452134973010795,1.0,1.0,1.0,-0.32324724136130967,1.0,-4.012165231565036
0.6846836424403336,-0.1572004859791577,1.0,1.0,0.46871345465402114,1.0,-3.729493547808228
-0.061359870710733344,0.6835428135128109,1.0,0.14468327109159207,1.0,0.9702863330604146,0.19794084598716033
-0.7152143985736948,-0.6942201757170072,-0.8221164317647508,0.24917620974727028,-0.6278322915459238,0.28794637183953176,-2.97171819274185
0.5044476077379016,1.0,0.03852555615875153,0.8754950972473321,-0.20744019000573355,-0.566545340539004,2.8291696804446027
-1.0,-0.12090914969171807,-0.5632802370880798,-1.0,-0.6808589825188718,-1.0,2.657739981344485
-1.0,-0.9106948132025918,-0.7660229677000437,-0.7221867002871827,-0.19085498072250223,0.1760593117031335,-4.183779035582546
-1.0,-1.0,-0.8469372415639298,-0.8023516466461321,-0.6400181581139074,0.18289590008289586,-5.02878602606999
0.6602078588164951,1.0,-0.6466144469936334,0.6049913245915535,0.910716061757589,-1.0,0.5401113646739584
0.14072516438725247,0.6266004941184506,-0.02585669151385217,0.04668025976339092,-0.43682097646777646,0.6347865430877478,1.1192625205778413
-0.23060460528973226,0.35443143802385757,-0.5373496972215488,-1.0,1.0,0.7642580443160191,4.936091956258801
0.7605852855201183,0.4484975530792119,1.0,1.0,0.9901562164848294,0.47255165105708274,-5.806327664082929
-0.45115304321173255,-0.6740133331472082,-0.6724828386583215,0.1915682849600891,1.0,0.7920052707715273,2.80972411932755
-1.0,-1.0,-0.6547024005322095,-1.0,-1.0,-0.35638980638170503,1.287278177523231
0.6747339422861384,-0.12749837419508736,-1.0,0.5037066088329597,-0.43004944959007535,-0.746084309144035,1.4982847084768822
0.5967682823255043,0.18061346658416189,-1.0,-0.6204141316350158,-0.6408495197504157,0.8325645100014087,4.686802772820551
-1.0,0.35388984440705334,1.0,-0.308544704627676,0.8546001144923663,0.3297586636334092,-1.6954139827650323
-0.12825148437460365,-0.43305884776502923,-1.0,-0.5957845723384166,-0.26461085474043033,0.9829061386109834,3.548820690074597
-0.02824183974994099,-0.28665059237147794,-0.6290744587623023,0.4732074658001096,1.0,1.0,5.793087937946583
0.14711686971820082,1.0,0.26390695567877764,0.9047382725922026,-0.904205241786312,-0.41141342051578544,2.299994517229914
-1.0,-1.0,0.04913024092452323,0.5361821157379526,0.6378411355393405,-0.3390675519195636,2.607044706840883
-0.4670009939404587,-0.5396369555249212,-1.0,-0.4481271039187724,1.0,0.8042923739497687,2.643862132891722
-0.6503425234489404,-0.6674635523339401,-0.6991822730063806,-1.0,1.0,0.09967461146928278,0.3559438458511894
-0.60232437129949,-1.0,-1.0,-1.0,-1.0,-0.016443792096650152,-0.5244483090273958
1.0,0.9490893423514914,0.26049837493573946,-0.5167201586712316,-0.4481056421391009,0.05495158079113305,2.2904803429788467
-1.0,0.06730117162688953,-1.0,-0.3956039813869995,-0.6743522015769801,-0.42589214085541344,-2.0779645642917597
-0.7550522926465981,-1.0,1.0,-0.4203600618276053,1.0,0.08540486129688829,1.927256590019371
-0.11884814294693263,0.9441606695482695,-1.0,0.7294918779977936,0.45256367992479146,0.5977168778727268,4.322959357753172
1.0,0.3325058433314165,-0.039563076381375795,0.01438865080145002,1.0,0.8047142375455041,-1.3437909945957203
0.43032437734722295,0.3921318122054682,-0.5773419788019656,-0.32866498235549857,-0.20081765438869392,0.011836200976937161,0.44769824239169775
1.0,1.0,-0.3614378759284786,0.754652722410281,1.0,-0.47146339551309757,-0.2993610720599621
-1.0,-0.5559006476914501,-1.0,-0.9748983029623168,1.0,1.0,4.449824334846316
0.44548815872369385,-0.9803150848507832,0.6253405349437364,-0.527590893753185,0.04418578402050466,1.0,0.6528060634949764
0.5055902678392012,0.22076513544105741,0.7268642557525945,-0.11554313149827,-0.5037805424885864,-0.7954570081289397,3.070967225094342
-0.7157315606120798,-0.8078616444590473,-0.11962044057658316,-0.3030211777214087,-1.0,-0.34938743239818015,-0.997343503911992
0.39587616638540113,1.0,0.8695917637013678,0.6107122366441717,1.0,-0.046674478217621496,-4.18583353897013
-1.0,0.33474523401809525,-0.03721038024887435,0.429278301389869,0.7794717618217111,0.34111609777492574,1.904959006545928
1.0,0.6273621145628125,1.0,1.0,-0.13672678111381953,-0.8300596123765486,2.7848946162871138
-0.9036127741724262,0.9592253997408335,-1.0,-0.9234508829917137,1.0,1.0,15.426799499904302
0.40075986132468866,-1.0,-0.09546073103609232,-1.0,1.0,0.704690037438739,-1.7112740313145165
1.0,0.030552286566162268,1.0,0.21815454812029178,0.8464890005341521,1.0,-5.061649507662992
0.5011647815093987,1.0,-0.3990962818736401,-0.6758043080832095,0.18522011734785038,-1.0,0.3348790164536195
-1.0,0.41048258945241073,-0.4237543774502799,0.13515931502035022,0.4720908924929932,0.1880471802867661,1.1443466980790664
-0.22611266870450702,0.21943612362056442,-0.7037981049081939,1.0,-0.9409826495627618,-1.0,1.9650638120200208
0.5967973432567371,1.0,0.7334088202332466,-0.8956101356641484,1.0,-0.40118000692583766,-3.021774437513051
0.7630694378470722,-1.0,0.055683450813853175,-1.0,0.35281939813321184,0.8459359200336335,-1.7550295100074778
-0.40491138216910283,-1.0,0.5543960373598403,-1.0,0.27128348335166835,0.7159643223872124,-1.861500142534434
0.625661688734592,1.0,0.018708617734145228,1.0,0.593925827105793,0.5299522398355749,-1.3592519368149365
-1.0,-0.3801703180529783,-0.6144066583179302,-1.0,-0.1105385225580835,0.06291553547665474,-1.2816418984466171
1.0,0.37316275103501734,0.33104788538107804,1.0,1.0,0.06545806256631725,-2.923338781189953
0.8845254601523533,0.29758792916781496,-0.11519117011400115,0.5980246208389228,-0.2324434809734346,0.45077262369635984,1.5990767564437816
-0.8912241696163108,-1.0,-0.6762699865319552,-1.0,0.6975381487840514,1.0,-1.0626555834092282
-0.002852523685304864,-0.6072476903348238,0.16547446043461028,-1.0,-0.4364842766233129,-0.4717858770701071,2.1912935199630628
-0.1116329569852727,-0.4645384932650274,0.25319941908916876,0.7876322212627159,0.300756388153003,0.7453318103764205,2.227162562417176
1.0,1.0,-0.4101694284744358,0.013435236821322638,1.0,1.0,3.436852114956988
0.755577151827496,0.8564259716483346,-1.0,-0.6645917513668266,0.18229227299055129,-0.32939677450632343,-0.2031940038532182
-0.7223284843720954,-1.0,-0.6391292302372582,-1.0,1.0,0.011743561624560028,-2.110701121565878
0.5669376289998702,1.0,1.0,0.8941653399791136,0.03335090398450152,0.8234279506841652,-4.44420453986676
0.10828985247257739,-1.0,-1.0,-0.16075058701155231,-1.0,0.18090563661505904,-1.1584759922200094
-0.6316756809504067,-0.16590584067946612,1.0,0.715522989209189,0.9452496772951278,1.0,-0.13928212601330414
0.35373938320680565,-0.862608327147113,-0.7224519547408721,-1.0,-1.0,-0.7388770839836694,6.877510122321094
1.0,1.0,0.915181396162338,1.0,1.0,0.40954625636978037,-8.423512317222443
-1.0,-1.0,-0.11122609743093581,-1.0,0.4336834664498592,-0.5027282967649833,2.1972074433547006
-0.6031039895400157,-0.7166764996346229,-1.0,-1.0,1.0,1.0,3.975447294793168
-0.8550996613995226,0.32551332731231397,-0.45160244980552333,-0.17958842306252742,-0.8459498413219774,0.11575357840518175,-2.3733903521486637
-1.0,0.13624780412337634,-0.4110357634269195,-0.8085144812658811,0.32217758298197013,0.46484026029225695,1.136355148330027
1.0,0.10146929619022904,1.0,0.565266115438112,-0.33684232438171813,-0.9512136943566474,5.271591304923048
-1.0,-1.0,-0.30115657768450665,-1.0,0.3066128801265513,0.47446231019080154,-4.881556218772692
0.3279069468117888,0.3806630132416007,0.9116237516223953,1.0,0.7244853190658586,1.0,-1.7327149510930977
-0.5302165162939647,-0.7129878067315778,-0.035265626291136165,-0.2994372961772136,-0.8031110210828043,-0.5479539694709963,1.3772568627721404
0.698996794752776,0.9057251988284293,0.13639536485805204,0.6517598745506659,0.21542863368444753,-0.0714489157645366,0.41595636029380545
-0.32458885843426744,-0.0758308667578359,-0.376199299462671,-1.0,-0.47736416260959635,0.09433413483717779,-0.28724879743963455
0.6105838339688296,-1.0,0.04993342584396143,0.054843665347861004,-0.1856511647463992,-1.0,6.532952987958895
0.8817839426729028,0.576712613909123,-0.7742819566634529,-0.17149272308293173,0.3755921235903861,1.0,2.834092177284663
1.0,-0.084267961552077,0.7425566735387645,-1.0,-0.6299286014597576,-0.09678219966018808,2.7387863361371476
1.0,1.0,-0.66393457300212,-0.06150015689024846,0.5281974990001261,0.4241206774398079,1.4497943200804917
0.21003382866601414,-0.007576108955820671,0.03505974604132378,-0.0888093337772686,0.9062735381957836,0.6091350114507371,-0.20466152299115548
-1.0,-0.9643809571666639,-1.0,-0.6359539959316363,-0.6283368609559145,0.8323571003719706,-2.0010258504339955
1.0,-0.006811442008373858,0.04152626794926273,0.4848280464188912,0.7788738045041601,1.0,1.183879133422303
0.9470783160814737,1.0,1.0,1.0,-1.0,0.9980890661121035,1.6387430890396844
0.039235366352829426,-0.3204656035460315,-0.9530342381455446,0.2737215884077978,-1.0,-0.39489195102396657,-0.24420570793284835
1.0,1.0,0.2630782874560952,0.22717751436435452,0.6884753965077111,-0.040638676371069465,-2.032274586882469
0.09344026207534228,-1.0,-0.6437495113708965,-1.0,-0.26321052247556276,-0.5650208724543617,0.840183793605969
1.0,0.33309618167822985,1.0,1.0,-0.726651600533998,-0.18545862925650813,4.02832124628779
